,id,address,zip,city
0,1,Benthinring 6/4,34597,Finsterwalde
1,2,Sauerplatz 42,93801,Büsingen am Hochrhein
2,3,Reinhardtweg 41,04500,Waren
3,4,Mühlestr. 565,66369,Erbisdorf
4,5,Martinallee 0,26455,Roding
5,6,Irmgard-Kühnert-Allee 975,52159,Erbisdorf
6,7,Trommlerallee 393,60132,Bad Mergentheim
7,8,Madlen-Ritter-Straße 158,23173,Reutlingen
8,9,Ladislaus-Röhrdanz-Ring 858,62068,Nördlingen
9,10,Matthäigasse 5/9,90172,Grimmen
10,11,Gorlitzplatz 09,02478,Riesa
11,12,Bohnbachgasse 20,83596,Badoberan
12,13,Tröststr. 8,19816,Deggendorf
13,14,Rosemarie-Stoll-Weg 9/4,88301,Sankt Goarshausen
14,15,Spießweg 1,67849,Bersenbrück
15,16,Zenon-Schacht-Allee 3,22022,Seelow
16,17,Janina-Hiller-Gasse 52,05966,Miesbach
17,18,Bolandergasse 30,02619,Geldern
18,19,Falko-Schweitzer-Platz 615,87958,Weißwasser
19,20,Edeltraud-Barkholz-Platz 17,20723,Jessen
20,21,Tamara-Stoll-Gasse 9/1,53789,Schwarzenberg
21,22,Heinz-Wilhelm-Boucsein-Allee 5,93134,Lippstadt
22,23,Burkard-Pärtzelt-Straße 916,28041,Lobenstein
23,24,Klemtweg 9/2,69958,Stollberg
24,25,Lioba-Stiffel-Platz 58,08441,Stollberg
25,26,Dolores-Martin-Allee 07,60861,Deggendorf
26,27,Sieringring 4/2,33258,Neuruppin
27,28,Weinhagegasse 0,36655,Schmölln
28,29,Ilhan-Wilms-Straße 9,44520,Füssen
29,30,Scheelweg 46,67335,Borna
30,31,Abraham-Schenk-Platz 2,25259,Passau
31,32,Fanny-Mende-Straße 0/6,63370,Main-Höchst
32,33,Guenther-Meister-Gasse 2,05805,Mühlhausen
33,34,Rosestr. 075,40904,Lippstadt
34,35,Binnerallee 3/8,73056,Geldern
35,36,Alexandre-Kusch-Allee 5/0,11613,Kelheim
36,37,Iris-Werner-Gasse 319,86309,Hagenow
37,38,Holtweg 17,19244,Eichstätt
38,39,Anastasios-Höfig-Straße 428,01631,Main-Höchst
39,40,Oxana-Förster-Ring 003,67006,Gelnhausen
40,41,Kobeltstr. 977,31919,Lippstadt
41,42,Reuterplatz 69,17653,Ingolstadt
42,43,Frederik-Flantz-Ring 5,50606,Vohenstrauß
43,44,Mijo-Ziegert-Weg 042,00343,Görlitz
44,45,Klingelhöferstraße 41,41369,Staffelstein
45,46,Sylke-Biggen-Ring 81,48576,Ludwigsburg
46,47,Jüttnerring 1/1,00194,Recklinghausen
47,48,Kallertallee 1,68276,Kleve
48,49,Hildegard-Ortmann-Straße 452,49404,Wittenberg
49,50,Segebahngasse 133,25575,Rochlitz
50,51,Andersgasse 8/8,86275,Rothenburg ob der Tauber
51,52,Noackallee 61,23997,Miltenberg
52,53,Johannes-Schaaf-Platz 3/5,60072,Aachen
53,54,Marie-Trapp-Gasse 3/1,83779,Senftenberg
54,55,Hertrampfplatz 392,26180,Regensburg
55,56,Vadim-Kostolzin-Ring 19,48852,Erfurt
56,57,Carla-Ladeck-Allee 8/7,53170,Gotha
57,58,Ottoweg 89,50561,Parchim
58,59,Milos-Tröst-Allee 5,16861,Feuchtwangen
59,60,Patrizia-Hertrampf-Weg 69,62616,Illertissen
60,61,Bolzmannallee 801,96253,Deggendorf
61,62,Artur-Jacob-Gasse 5/2,86313,Fulda
62,63,Köhlerstr. 8/8,07666,Osterburg
63,64,Hanife-Pölitz-Weg 634,62754,Marktheidenfeld
64,65,Krebsstr. 00,98321,Schleiz
65,66,Pechelstr. 5,27234,Saarbrücken
66,67,Hesseallee 6,22023,Viersen
67,68,Bolanderplatz 34,14572,Heiligenstadt
68,69,Theodora-Beier-Straße 2/7,79366,Bad Brückenau
69,70,Mareen-Kitzmann-Straße 976,29896,Perleberg
70,71,Edelbert-Mühle-Platz 099,23766,Viersen
71,72,Döhnweg 3,42687,Schmölln
72,73,Dörschnergasse 9/5,18847,Augsburg
73,74,Zorbachallee 64,94248,Strasburg
74,75,Arnim-Zimmer-Straße 5/3,60480,Fallingbostel
75,76,Schulzgasse 074,30781,Neunburg vorm Wald
76,77,Hermann Josef-Davids-Allee 8/4,08923,Döbeln
77,78,Slavko-Rosenow-Straße 161,65403,Aachen
78,79,Wulffplatz 766,13952,Garmisch-Partenkirchen
79,80,Junkweg 1,51445,Konstanz
80,81,Erwin-Klemt-Allee 552,85098,Miltenberg
81,82,Maria-Luise-Kobelt-Gasse 30,77177,Ilmenau
82,83,Karen-Albers-Ring 0,02621,Miltenberg
83,84,Hans-Günter-Meyer-Gasse 5/4,36680,Aue
84,85,Waltraut-Hänel-Ring 7,98898,Staßfurt
85,86,Röhrichtweg 2,27093,Bernburg
86,87,Antje-Säuberlich-Ring 62,94267,Eisleben
87,88,Mahmut-Pergande-Platz 24,77108,Soest
88,89,Stadelmanngasse 90,25575,Zerbst
89,90,Hiltrud-Briemer-Platz 4/8,66206,Bad Langensalza
90,91,Danielle-Löffler-Ring 1,09878,Eichstätt
91,92,Schulzring 660,21261,Bad Liebenwerda
92,93,Margrafplatz 4,93050,Dieburg
93,94,Undine-Gorlitz-Gasse 1,88585,Sulzbach-Rosenberg
94,95,Kühnertplatz 6/2,86459,Grimma
95,96,Kargestr. 57,11259,Luckau
96,97,Wernerplatz 0,61618,Weißenfels
97,98,Albersplatz 1,42862,Burglengenfeld
98,99,Sigurd-Tröst-Straße 738,34218,Kemnath
99,100,Schulzgasse 400,98066,Borken
100,101,Rädelstr. 7/1,32512,Malchin
101,102,Hölzenbecherallee 91,75874,Gelnhausen
102,103,Ljiljana-Hesse-Ring 1,47001,Eggenfelden
103,104,Cetin-Lindau-Ring 8,49469,Herzberg
104,105,Annie-Döhn-Straße 4/4,53364,Arnstadt
105,106,Roskothweg 21,59507,Bad Langensalza
106,107,Kuschstr. 2/8,25345,Waldmünchen
107,108,Schulzstraße 3/7,54478,Gera
108,109,Oderwaldweg 742,95610,Guben
109,110,Reni-Scholz-Platz 576,43398,Saulgau
110,111,Heidelore-Butte-Allee 0/5,21785,Hohenstein-Ernstthal
111,112,Elsbeth-Adler-Ring 3,95557,Lobenstein
112,113,Grein Grothgasse 7/5,45060,Riesa
113,114,Maxim-Löchel-Allee 2/7,85388,Burg
114,115,Ehlertplatz 75,66264,Wesel
115,116,Nohlmansstraße 37,23293,Göttingen
116,117,Selma-Krebs-Gasse 12,98801,Hannoversch Münden
117,118,Josefine-Schwital-Allee 39,76432,Bad Liebenwerda
118,119,Ildiko-Pieper-Ring 6,05544,Cuxhaven
119,120,Eva-Marie-Thies-Weg 9/7,05100,Schrobenhausen
120,121,Trommlerstraße 54,23614,Wernigerode
121,122,Bernfried-Fröhlich-Ring 402,60832,Sulzbach-Rosenberg
122,123,Stolzeplatz 8/3,02556,Hagenow
123,124,Milan-Schmidt-Gasse 558,75580,Gotha
124,125,Hermighausengasse 351,36226,Soltau
125,126,Grafallee 44,09647,Badibling
126,127,Hermighausenstraße 3,06670,Bischofswerda
127,128,Röhrdanzgasse 777,36607,Vechta
128,129,Oderwaldstraße 1/1,21115,Prenzlau
129,130,Eckart-Wilmsen-Platz 3/7,01824,Kehl
130,131,Rörrichtallee 0/2,73335,Kitzingen
131,132,Hartmannplatz 5,14987,Wurzen
132,133,Döringstr. 9,11634,Demmin
133,134,Zänkerstraße 8/4,47637,Senftenberg
134,135,Alexej-Drubin-Weg 263,60258,Donaueschingen
135,136,Warmerweg 886,13042,Weißwasser
136,137,Raphael-Seifert-Ring 953,23540,Olpe
137,138,Johanna-Henck-Gasse 5,78001,Hettstedt
138,139,Schuchhardtstraße 9,32905,Mühlhausen
139,140,Marcella-Austermühle-Weg 5,01951,Wolmirstedt
140,141,Petra-Kruschwitz-Platz 81,88530,Luckenwalde
141,142,Liesa-Wulff-Straße 32,47700,Hechingen
142,143,Kitzmannstr. 71,85621,Eisenberg
143,144,Noackstraße 0,83728,Kamenz
144,145,Gesa-Oestrovsky-Allee 8/5,17209,Schwandorf
145,146,Etzlerstr. 3/5,34437,Dessau
146,147,Bonbachplatz 535,42160,Schwarzenberg
147,148,Johan-Kaul-Allee 40,30061,Nördlingen
148,149,Janine-Schüler-Platz 0,85975,Fulda
149,150,Andree-Hendriks-Gasse 351,30035,Passau
150,151,Stadelmannstraße 37,38755,Schrobenhausen
151,152,Orhan-Jockel-Platz 6,29295,Prenzlau
152,153,Sabri-Hettner-Weg 0/9,65655,Gadebusch
153,154,Kreinplatz 829,00069,Görlitz
154,155,Maurizio-Hellwig-Platz 02,88233,Pegnitz
155,156,Slobodan-Schinke-Gasse 2/9,31907,Dinkelsbühl
156,157,Kargeallee 0/0,46466,Chemnitz
157,158,Orhan-Hornich-Allee 73,51804,Germersheim
158,159,Jeannine-Wernecke-Straße 4,19697,Klötze
159,160,Austermühlering 8,88848,Güstrow
160,161,Lara-Reinhardt-Weg 0,93171,Illertissen
161,162,van der Dussengasse 5/7,72254,Pirmasens
162,163,Jürgen-Weimer-Gasse 9,94933,Rockenhausen
163,164,Klothilde-Radisch-Weg 6,23101,Lübeck
164,165,Erhardt-Rosenow-Ring 98,12740,Tecklenburg
165,166,Silvia-Fliegner-Ring 909,62194,Bersenbrück
166,167,Klotzring 5,99731,Bamberg
167,168,Schleichstraße 02,61428,Tuttlingen
168,169,Eberthring 749,63391,Saarbrücken
169,170,Betina-Loos-Ring 82,93993,Aschaffenburg
170,171,Claudia-Dörschner-Weg 6/4,96961,Naila
171,172,Aumannstraße 4,81602,Luckenwalde
172,173,Grein Grothweg 2/0,10676,Tübingen
173,174,Klingelhöferstraße 869,92319,Riesa
174,175,Othmar-Radisch-Platz 57,97956,Worbis
175,176,Chantal-Hendriks-Ring 61,99450,Wittstock
176,177,Judith-Trupp-Straße 327,10498,Großenhain
177,178,Schusterstraße 4,19831,Dieburg
178,179,Schmidtkering 407,77308,Wismar
179,180,Gutknechtallee 6/6,45356,Gräfenhainichen
180,181,Cora-Mosemann-Ring 94,32889,Kemnath
181,182,Rocco-Mülichen-Weg 01,91670,Herzberg
182,183,Adolphgasse 18,02818,Neuss
183,184,Magnus-Barth-Ring 2/4,95740,Säckingen
184,185,Dietlind-Finke-Straße 8,96549,Forst
185,186,Fatih-Eimer-Straße 808,87836,Arnstadt
186,187,Moritz-Schaaf-Gasse 824,46953,Grevenbroich
187,188,Junkenweg 4,37203,Hannover
188,189,Kathrin-Mende-Weg 09,68361,Eisenberg
189,190,Rosi-Wesack-Ring 379,66729,Parsberg
190,191,Pruschkeplatz 2,29221,Sangerhausen
191,192,Barbara-Carsten-Weg 0,08483,Eisenberg
192,193,Stanislaus-Schmidt-Ring 5/6,40940,Miesbach
193,194,Franz-Peter-Junck-Gasse 20,24694,Perleberg
194,195,Baldur-Liebelt-Allee 460,43727,Kassel
195,196,Buchholzstraße 759,68714,Fürstenfeldbruck
196,197,Rosemannallee 6/2,07489,Lüdinghausen
197,198,Hettnerplatz 1/5,21373,Hünfeld
198,199,Andres-Killer-Gasse 69,48960,Lippstadt
199,200,Mielcarekallee 7/1,47076,Finsterwalde
200,201,Zirmeallee 0,09435,Säckingen
201,202,Meinolf-Klemt-Gasse 0/2,86297,Hannoversch Münden
202,203,Abdul-Kohl-Ring 82,59885,Gera
203,204,Liane-Freudenberger-Allee 95,95529,Saarlouis
204,205,Schottinweg 0/3,90607,Gießen
205,206,Jüttnerplatz 53,86646,Wittmund
206,207,Mohauptring 69,95709,Görlitz
207,208,Svea-Sauer-Gasse 2/2,41078,Lichtenfels
208,209,Marie-Therese-Junitz-Weg 001,95406,Lüdenscheid
209,210,Gundel-Zobel-Straße 669,86509,Erbisdorf
210,211,Sophie-Etzler-Ring 86,51880,Celle
211,212,Ryszard-Rosenow-Allee 1,91870,Konstanz
212,213,Henschelstraße 3/6,35780,Luckenwalde
213,214,Kuhlstr. 448,04666,Jüterbog
214,215,Dörthe-Schmiedecke-Straße 40,40327,Karlsruhe
215,216,Schottingasse 260,73651,Bitterfeld
216,217,Lübsgasse 9/7,09073,Schmölln
217,218,Miodrag-Mülichen-Straße 94,52274,Greiz
218,219,Kaulplatz 7,01376,Schwarzenberg
219,220,Philomena-Hertrampf-Platz 4,97061,Gransee
220,221,Klaus-D.-Röhrdanz-Straße 646,91562,Wanzleben
221,222,Eimerplatz 952,25631,Dinslaken
222,223,Sagerstraße 1/1,46303,Tübingen
223,224,Gunther-Fliegner-Platz 30,09579,Angermünde
224,225,Klemmstr. 5,50422,Zschopau
225,226,Wulfallee 2,03404,Ebern
226,227,Reinhardtweg 68,19166,Oranienburg
227,228,Raisa-Kostolzin-Ring 7/8,59419,Hünfeld
228,229,Langeallee 220,94902,Heinsberg
229,230,Dietlinde-Seidel-Weg 492,83626,Ebersberg
230,231,Ljudmila-Beier-Gasse 575,91975,Burglengenfeld
231,232,Kochstr. 7,20099,Sangerhausen
232,233,Canan-Röhrdanz-Gasse 02,65475,Scheinfeld
233,234,Thaddäus-Trub-Allee 4/0,56335,Meißen
234,235,Geißlerstraße 619,95583,Düren
235,236,Heintzestr. 0/7,52861,Mittweida
236,237,Pechelstraße 7/4,73676,Siegen
237,238,Ayse-Knappe-Platz 9,02961,Greifswald
238,239,Bohnbachgasse 6/9,93265,Mainburg
239,240,Josip-Nette-Platz 425,90278,Ribnitz-Damgarten
240,241,Gertraud-Bohlander-Allee 98,15309,Haldensleben
241,242,Antonio-Ladeck-Weg 1/7,06495,Lüdinghausen
242,243,Dietzweg 337,51880,Forchheim
243,244,Heckergasse 5/8,16783,Ingolstadt
244,245,Curt-Jäkel-Weg 3/5,08687,Auerbach
245,246,Hilmar-Hövel-Platz 5/4,30304,Flöha
246,247,Marleen-Zänker-Gasse 5/8,86756,Böblingen
247,248,Gerhild-Trüb-Ring 6,16747,Grimma
248,249,Kuschallee 1,09468,Spremberg
249,250,Dussen vanstraße 53,61567,Eilenburg
250,251,Ottoplatz 667,67302,Schweinfurt
251,252,Gusti-Kühnert-Weg 7,83748,Kleve
252,253,Pölitzweg 175,31388,Luckau
253,254,Marianna-Löwer-Gasse 614,53878,Nördlingen
254,255,Gießgasse 50,42148,Eilenburg
255,256,Alan-Kranz-Weg 219,46177,Auerbach
256,257,Jolanda-Mosemann-Platz 896,59981,Neubrandenburg
257,258,Stilla-Heintze-Platz 6/7,94140,Freising
258,259,Häringstraße 940,81137,Freudenstadt
259,260,Kallertweg 2/9,63574,Borken
260,261,Dobesweg 402,27242,Kleve
261,262,Hänelstr. 3,94682,Saulgau
262,263,Brunhilde-Döring-Allee 1/8,86680,Gadebusch
263,264,Gießstraße 2,55665,Melle
264,265,Kostolzingasse 3,37549,Göttingen
265,266,Niko-Nette-Straße 708,29004,Guben
266,267,Haufferstraße 47,01692,Suhl
267,268,Herbert-Margraf-Ring 7,97143,Schwandorf
268,269,Hans-H.-Jacob-Weg 025,25382,Gerolzhofen
269,270,Scholzallee 76,90360,Nördlingen
270,271,Ortmannplatz 60,97755,Prenzlau
271,272,Isabell-Junken-Platz 2/9,78149,Demmin
272,273,Dora-Margraf-Gasse 79,40180,Karlsruhe
273,274,Abdul-Beyer-Gasse 37,91757,Reutlingen
274,275,Nelli-Wesack-Weg 4/5,74795,Senftenberg
275,276,Gottlieb-Köhler-Weg 7,66027,München
276,277,Stadelmannring 1/2,48943,Bad Kissingen
277,278,Kata-Förster-Straße 8/3,55976,Witzenhausen
278,279,Amir-Ladeck-Platz 699,88186,Fürstenfeldbruck
279,280,Evelin-Adolph-Allee 87,19349,Ravensburg
280,281,Ritterstr. 197,31693,Guben
281,282,Siegbert-Schönland-Ring 1,98394,Ludwigslust
282,283,Elif-Baum-Weg 2,46654,Malchin
283,284,Dörschnerstr. 4/3,34631,Kulmbach
284,285,Weißstr. 3,02750,Göppingen
285,286,Baldur-Förster-Ring 1/8,04676,Königs Wusterhausen
286,287,Junckenstraße 169,21099,Mittweida
287,288,Reinhild-Becker-Gasse 3/0,53845,Nürtingen
288,289,Krausegasse 4,97820,Stollberg
289,290,Juliana-Ring-Weg 588,43537,Neuss
290,291,Sevim-Oestrovsky-Gasse 5,97059,Wertingen
291,292,Dippelstr. 1/4,54947,Scheinfeld
292,293,Natascha-Schacht-Platz 0/8,88118,Neustadtner Waldnaab
293,294,Dietzstr. 23,94974,Mallersdorf
294,295,Ehrentraud-Tintzmann-Allee 5/2,12352,Worbis
295,296,Rognerallee 37,84638,Wittenberg
296,297,Karl-Ernst-Rose-Allee 154,47085,Mellrichstadt
297,298,Denny-Schmiedecke-Gasse 1,28733,Hohenstein-Ernstthal
298,299,Gutknechtstr. 7,02241,Lemgo
299,300,Pärtzeltstr. 1/1,84600,Kleve
300,301,Gertzring 64,23304,Nordhausen
301,302,Martine-Anders-Allee 1,60819,Gelnhausen
302,303,Rognerweg 0,93293,Brandenburg
303,304,Joerg-Scheuermann-Gasse 6/4,17505,Torgau
304,305,Johannallee 7/1,62337,Hammelburg
305,306,Geislerstr. 376,87078,Tirschenreuth
306,307,Danny-Jäntsch-Gasse 27,84639,Stendal
307,308,Rädelstraße 837,91640,Schwerin
308,309,Lachmannstraße 0/2,10120,Ilmenau
309,310,Jacob-Flantz-Platz 2,20938,Forchheim
310,311,Rittergasse 36,70547,Gotha
311,312,Katja-Rörricht-Platz 38,85695,Meißen
312,313,Irmtraut-Misicher-Platz 626,13917,Calau
313,314,Raymond-Reising-Weg 1/2,34165,Ravensburg
314,315,Rotraud-Butte-Gasse 67,49519,Werdau
315,316,Kaulweg 4/1,13706,Sankt Goarshausen
316,317,Jolanda-Häring-Gasse 817,34505,Schwerin
317,318,Trüballee 98,05283,Erfurt
318,319,Doreen-Finke-Ring 5,40383,Böblingen
319,320,Eimergasse 3/9,18748,Jülich
320,321,Mülichenring 2/7,49930,Demmin
321,322,Keudelallee 6/9,56727,Malchin
322,323,Stiebitzallee 36,35855,Gardelegen
323,324,Plathplatz 98,58818,Rochlitz
324,325,Heserstraße 7,25372,Schwäbisch Gmünd
325,326,Wencke-Hertrampf-Straße 039,12514,Demmin
326,327,Ackermannallee 29,07105,Grevenbroich
327,328,Schmidtkeallee 0,68840,Northeim
328,329,Edith-Geisel-Ring 67,31803,Groß-Gerau
329,330,Christophstr. 1/0,52826,Bamberg
330,331,Desiree-Reinhardt-Ring 3,71979,Halberstadt
331,332,Marco-Gorlitz-Platz 2/9,02428,Staffelstein
332,333,Selma-Adler-Gasse 9/0,39623,Goslar
333,334,Siegbert-Jessel-Ring 05,97025,Olpe
334,335,Sorgatzweg 7,11965,Forst
335,336,Hillerweg 721,89515,Prenzlau
336,337,Schmidtstraße 2/9,75482,Bayreuth
337,338,Heidelinde-Sorgatz-Gasse 274,16181,Rottweil
338,339,Hessering 588,13239,Tirschenreuth
339,340,Artur-Schmidt-Gasse 16,44070,Lüneburg
340,341,Bauerring 16,77012,Melsungen
341,342,Hasan-Liebelt-Gasse 962,96429,Geldern
342,343,Ladeckallee 782,55424,Hofgeismar
343,344,Dajana-Geisler-Gasse 4/4,85237,Rosenheim
344,345,Ron-Stroh-Gasse 810,72460,Bad Liebenwerda
345,346,Lara-Faust-Weg 15,12611,Aurich
346,347,Fiebigring 153,64247,Darmstadt
347,348,Kabusweg 7/8,63468,Kötzting
348,349,Mahmut-Mans-Straße 8/7,01753,Dachau
349,350,Semra-Hartmann-Platz 8/5,60158,Mittweida
350,351,Friedo-Förster-Gasse 9/1,83573,Wittenberg
351,352,Rosenowring 7,13556,Eisleben
352,353,Weinholdweg 8/5,38281,Bersenbrück
353,354,Isolde-Krause-Ring 8,64957,Schmölln
354,355,Christiane-Buchholz-Straße 569,45531,Sulzbach-Rosenberg
355,356,Anna-Marie-Pechel-Gasse 950,92143,Schweinfurt
356,357,Mirco-Heuser-Straße 6/0,06859,Ahaus
357,358,Weinholdweg 2,28240,Illertissen
358,359,Rädelweg 64,87061,Demmin
359,360,Sigrun-Bauer-Allee 9/9,36732,Uffenheim
360,361,Jopichstr. 6,22526,Hildburghausen
361,362,Kreuselplatz 6,55627,Hohenstein-Ernstthal
362,363,Heimo-Hermighausen-Platz 7,27529,Uffenheim
363,364,Schomberweg 53,07431,Forchheim
364,365,Rohlederplatz 773,97733,Grimma
365,366,auch Schlauchinplatz 873,93480,Bad Brückenau
366,367,Heydrichstr. 56,08876,Helmstedt
367,368,Axel-Gröttner-Platz 87,15953,Saulgau
368,369,Paffrathring 6/5,87110,Pirmasens
369,370,Nevenka-Drewes-Gasse 2,88587,Pasewalk
370,371,Jesselstr. 7/5,72149,Kaiserslautern
371,372,Ivanka-Butte-Allee 809,72829,Starnberg
372,373,Sabina-Rosemann-Platz 014,48687,Hechingen
373,374,Trübplatz 44,78972,Flöha
374,375,Daniela-Hecker-Platz 34,69169,Warendorf
375,376,Fiebigweg 3,90332,Diepholz
376,377,Roswita-Stadelmann-Straße 39,87852,Flöha
377,378,Reuterweg 2/4,96653,Mettmann
378,379,Schinkeweg 02,91354,Jessen
379,380,Sergio-Eckbauer-Platz 8/0,03075,Koblenz
380,381,Gretchen-Gertz-Straße 7,52646,Nordhausen
381,382,Stiebitzweg 15,26907,Greiz
382,383,Kitzmannstr. 3,49423,Görlitz
383,384,Bolzmannplatz 1/9,63164,Füssen
384,385,Ira-Misicher-Platz 4/8,48986,Kamenz
385,386,Joana-Bohnbach-Ring 5/6,07896,Potsdam
386,387,Kreinweg 8/2,72882,Lüdenscheid
387,388,Leon-Schönland-Straße 3/7,60804,Osterode am Harz
388,389,Christophgasse 1/8,55134,Parchim
389,390,Antonino-Gutknecht-Platz 19,42293,Kassel
390,391,Bohnbachallee 83,47672,Querfurt
391,392,Conradiplatz 829,50513,Wittstock
392,393,Schleichstraße 7,24038,Höxter
393,394,Kaulallee 03,10207,Einbeck
394,395,Anna-Luise-Striebitz-Platz 237,24435,Gräfenhainichen
395,396,Dörthe-Hofmann-Allee 6,95059,Bamberg
396,397,Steinberggasse 759,05447,Stuttgart
397,398,Natascha-Ernst-Straße 07,28471,Dresden
398,399,Anna-Lena-Schuster-Ring 18,75424,Delitzsch
399,400,Striebitzweg 533,14556,Stade
400,401,Södingweg 6/0,22960,Lüdinghausen
401,402,Buchholzring 83,06536,Meißen
402,403,Försterstr. 96,32735,Wismar
403,404,Erich-Franke-Platz 8/6,00367,Lobenstein
404,405,Kristian-Wende-Straße 511,53549,Holzminden
405,406,Anne-Berger-Gasse 749,64218,Grimmen
406,407,Fröhlichplatz 982,06481,Querfurt
407,408,Aleksej-Hecker-Platz 29,89325,Rastatt
408,409,Ehrenfried-Holt-Gasse 9,99906,Neustadtner Waldnaab
409,410,Salzstraße 127,12703,Eutin
410,411,Kadering 6/0,82751,Lüneburg
411,412,Heinfried-Zahn-Gasse 38,92719,Erfurt
412,413,Junckenallee 469,88872,Eisenach
413,414,Tschentscherstr. 3/4,88598,Gifhorn
414,415,Sieringweg 3,12573,Lobenstein
415,416,Casparring 70,78090,Celle
416,417,Birnbaumweg 8,62896,Wolmirstedt
417,418,Schmidtkeallee 20,61432,Bischofswerda
418,419,Meike-Kraushaar-Allee 3,72730,Jessen
419,420,Hettnerstr. 2/9,04080,Hersbruck
420,421,Gerlachweg 354,83783,Niesky
421,422,Sükrü-Jessel-Ring 56,54332,Eisleben
422,423,Jakob-Klemt-Allee 7/2,65974,Hersbruck
423,424,Mangoldstraße 9,20908,Kaiserslautern
424,425,Brita-Metz-Platz 086,65706,Rockenhausen
425,426,Reza-Schwital-Allee 604,62370,Helmstedt
426,427,Holstenstr. 850,28479,Bad Langensalza
427,428,Dogan-Kambs-Ring 3/3,74139,Euskirchen
428,429,Heßstr. 76,65462,Aschaffenburg
429,430,Adelbert-Döring-Ring 48,76434,Geithain
430,431,Davidsgasse 0,02056,Calw
431,432,Hedi-Gehringer-Straße 27,38630,Regensburg
432,433,Theodor-Trommler-Weg 860,13106,Konstanz
433,434,Lorenzo-Carsten-Allee 3/4,99222,Herzberg
434,435,Vinko-Seifert-Weg 2,57987,Neustadtner Waldnaab
435,436,Damaris-Löchel-Weg 45,75243,Weißenfels
436,437,Schuchhardtallee 4/5,80732,Erding
437,438,Hans-Gerhard-Hartung-Straße 0,18091,Eberswalde
438,439,Scholzallee 3,45858,Niesky
439,440,Valerij-Wagner-Weg 36,61928,Witzenhausen
440,441,Antonio-Nohlmans-Straße 7/5,43591,Bad Brückenau
441,442,Caroline-Haase-Gasse 2/1,01797,Riesa
442,443,Hänelgasse 0/8,61494,Berchtesgaden
443,444,Weimergasse 94,25854,Böblingen
444,445,Trommlerstr. 1,39793,Scheinfeld
445,446,Mustafa-Kramer-Allee 6/3,11437,Schwarzenberg
446,447,Kuschstr. 647,31957,Schwandorf
447,448,Stiebitzallee 6/9,58937,Worbis
448,449,Rognerring 6,53136,Aurich
449,450,Benderstraße 7/4,27400,Badibling
450,451,Maximilian-Heinrich-Straße 952,23953,Bitterfeld
451,452,Bohnbachallee 290,74786,Bad Kreuznach
452,453,Albin-Sölzer-Weg 6/2,43612,Lippstadt
453,454,Margrafring 272,65100,Großenhain
454,455,Wilhelm-Walter-Ring 4,64638,Parsberg
455,456,Cristina-Hethur-Ring 1/0,11821,Luckau
456,457,Suzanne-Meyer-Allee 8,39453,Saarlouis
457,458,Börnerstraße 015,62472,Burgdorf
458,459,Jesselgasse 090,41994,Hohenstein-Ernstthal
459,460,Walther-Siering-Gasse 08,22606,Düren
460,461,Cosimo-Trüb-Gasse 317,91658,Pfaffenhofen an der Ilm
461,462,Erdogan-Mülichen-Allee 8/2,42080,Pasewalk
462,463,Nadeschda-Köhler-Allee 8/2,49770,Forst
463,464,Janett-Röhricht-Platz 658,84899,Schongau
464,465,Jäntschplatz 296,47723,Beeskow
465,466,Kitzmannstr. 0,70572,Staßfurt
466,467,Friedo-Hertrampf-Allee 22,12620,Perleberg
467,468,Warmerstraße 44,63252,Schrobenhausen
468,469,H.-Dieter-Sorgatz-Ring 3,02929,Eichstätt
469,470,Fiebigweg 5,38243,Strausberg
470,471,Ella-Steinberg-Allee 56,06198,Wolfratshausen
471,472,Wulffstraße 0,33080,Parchim
472,473,Richard-Beer-Straße 2,15951,Wanzleben
473,474,Julia-Heuser-Allee 560,59834,Torgau
474,475,Gerdi-Zänker-Allee 45,57098,Sankt Goar
475,476,Aleksandra-Gute-Weg 640,55830,Grimma
476,477,Ansgar-Schlosser-Platz 2,90249,Pinneberg
477,478,Cordula-Rogner-Platz 837,04811,Lübeck
478,479,Kensyring 065,70096,Fulda
479,480,Heidrichweg 9/0,56761,Deggendorf
480,481,Liebeltallee 2/2,28881,Hannoversch Münden
481,482,Matthäiallee 41,84071,Hersbruck
482,483,Kurt-Weller-Platz 242,12030,Pasewalk
483,484,Pruschkeweg 5/8,18796,Gadebusch
484,485,Mohauptgasse 9,25893,Hainichen
485,486,Herrmannweg 6,77830,Guben
486,487,Seifertstr. 64,80360,Burglengenfeld
487,488,Wally-Barkholz-Straße 400,02453,Herford
488,489,Reisingring 8/7,75799,Sankt Goarshausen
489,490,Maike-Schacht-Gasse 3,85545,Hoyerswerda
490,491,Börnerplatz 297,91070,Ochsenfurt
491,492,Jopichallee 2/7,13229,Bad Brückenau
492,493,Kargeweg 05,81542,Geldern
493,494,Reisingweg 428,40567,Hainichen
494,495,Carl-Heinz-Karge-Platz 077,22882,Sömmerda
495,496,Fredo-Schuchhardt-Straße 94,33189,Zschopau
496,497,Klemmplatz 5/0,78412,Sternberg
497,498,Ramona-Ditschlerin-Weg 449,24732,Lüdenscheid
498,499,Käte-Albers-Allee 6/6,80386,Malchin
499,500,Sergej-Hethur-Straße 7/6,09013,Teterow
500,501,Haeringallee 3/4,05307,Kitzingen
501,502,Vittorio-Jungfer-Ring 7,83425,Prenzlau
502,503,Gotthilf-Mitschke-Platz 3,37009,Backnang
503,504,Dusan-Renner-Weg 5/2,75665,Nauen
504,505,Fröhlichring 1,01057,Aurich
505,506,Jungferallee 4,23112,Stadtsteinach
506,507,Hans-Henning-Speer-Allee 2,60187,Borken
507,508,Willibald-Hendriks-Gasse 1,89943,Eutin
508,509,Weißgasse 7/7,22902,Ludwigslust
509,510,Bogdan-Dowerg-Platz 691,91984,Duderstadt
510,511,Cilli-Säuberlich-Gasse 46,60239,Wolfach
511,512,Trappring 2,76996,Gerolzhofen
512,513,Gierschnerplatz 385,39806,Kusel
513,514,Mehdi-Pohl-Straße 7,25131,Hannoversch Münden
514,515,Nicolaus-Gertz-Straße 31,56221,Gifhorn
515,516,Mälzergasse 3,70517,Neunburg vorm Wald
516,517,Eimerplatz 98,68131,Hettstedt
517,518,Karzstr. 8/4,88464,Iserlohn
518,519,Elzbieta-Stroh-Weg 43,20651,Grevenbroich
519,520,Margrafplatz 078,95631,Hannover
520,521,Junckstr. 3,52890,Hannover
521,522,Fiebigstr. 720,16880,Rosenheim
522,523,Monica-Etzler-Gasse 543,28173,Emmendingen
523,524,Katrin-Hein-Allee 56,40760,Luckau
524,525,Häringstraße 939,69034,Gotha
525,526,Weihmanngasse 2/3,74136,Hainichen
526,527,Svetlana-Zorbach-Ring 4,75274,Freudenstadt
527,528,Putzstraße 5/4,57838,Delitzsch
528,529,Reisingring 5/6,43170,Ludwigsburg
529,530,Heinz-Trupp-Straße 6,43164,Ingolstadt
530,531,Sofia-Gieß-Straße 29,18425,Badibling
531,532,Olga-Hiller-Weg 92,10739,Kassel
532,533,Wolfgang-Hering-Straße 10,63033,Moers
533,534,Lisa-Weitzel-Allee 922,75892,Sonneberg
534,535,Kobeltgasse 672,37095,Bützow
535,536,Edit-Hauffer-Weg 9/4,05078,Darmstadt
536,537,Sergio-Dehmel-Allee 22,88401,Donaueschingen
537,538,Stiffelring 75,96084,Schwandorf
538,539,Robby-Atzler-Gasse 56,03050,Donaueschingen
539,540,Lorchstr. 517,79649,Freudenstadt
540,541,Henschelstraße 552,74687,Jüterbog
541,542,Miesgasse 28,66883,Backnang
542,543,Textorgasse 4/7,75592,Altentreptow
543,544,Rouven-Barth-Straße 245,30190,Erbisdorf
544,545,Adelgunde-Matthäi-Gasse 2,25884,Aachen
545,546,Kornelius-Gieß-Weg 16,77708,Beilngries
546,547,Serpil-Löchel-Ring 85,60985,Schwabmünchen
547,548,Dogan-Henk-Gasse 73,56004,Rockenhausen
548,549,Jüttnerring 9,47539,Bernburg
549,550,Pölitzweg 476,99008,Lobenstein
550,551,Austermühlestr. 5/3,82876,Reutlingen
551,552,Fröhlichplatz 3,26960,Werdau
552,553,Warmerstraße 44,60833,Ingolstadt
553,554,Baumweg 266,71898,Gräfenhainichen
554,555,Gülay-Rudolph-Platz 357,84775,Cottbus
555,556,Mareen-Freudenberger-Weg 743,65297,Wiedenbrück
556,557,Briemergasse 932,51722,Potsdam
557,558,Anne-Kathrin-Hoffmann-Weg 258,94623,Gifhorn
558,559,Sontagring 94,65290,Kusel
559,560,Klappgasse 4,89006,Vilsbiburg
560,561,Kuno-Rosemann-Platz 0,37810,Fulda
561,562,Andersstraße 69,27588,Wesel
562,563,Adolphplatz 8/1,74690,Ravensburg
563,564,Ludmila-Conradi-Platz 6/9,57267,Freital
564,565,Gabriele-Rogner-Gasse 066,13108,Stendal
565,566,Meral-Kramer-Gasse 6,21031,Wesel
566,567,Scheuermannplatz 678,12138,Göttingen
567,568,Mijo-Mies-Allee 93,99792,Geithain
568,569,Hans-Werner-Dussen van-Ring 5,23059,Husum
569,570,Hans-Adolf-Sager-Allee 4/0,75177,Wertingen
570,571,Kathrin-Rudolph-Straße 63,08313,Crailsheim
571,572,Eckbauerstr. 9/5,21780,Havelberg
572,573,Heinz-Gerd-Pieper-Straße 3/9,13160,Euskirchen
573,574,Gerhardt-Gehringer-Ring 512,54301,Pasewalk
574,575,Hertrampfgasse 2,33496,Amberg
575,576,Insa-Matthäi-Allee 6,83319,Stade
576,577,Damaris-Hethur-Platz 1,49975,Geldern
577,578,Köhlerallee 0,73556,Belzig
578,579,Oscar-Hölzenbecher-Platz 3,26757,Germersheim
579,580,Hans-Heinrich-Stroh-Straße 842,18152,Scheinfeld
580,581,Bauerstr. 861,56523,Eichstätt
581,582,Angelica-Jacob-Allee 186,98729,Diepholz
582,583,Gaetano-Eberhardt-Ring 2,38942,Helmstedt
583,584,Hentschelallee 17,98770,Forst
584,585,Lorchring 1,28610,Bützow
585,586,Schuchhardtring 17,13298,Perleberg
586,587,Junckenallee 7,47245,Garmisch-Partenkirchen
587,588,Bienstraße 792,34510,Ludwigslust
588,589,Olena-Kroker-Platz 1,88779,Jüterbog
589,590,Ringgasse 668,91714,Düren
590,591,Renate-Zahn-Platz 11,93968,Steinfurt
591,592,Klemtstraße 62,69840,Teterow
592,593,Girschnerallee 521,52820,Hersbruck
593,594,Edmund-Warmer-Allee 789,33888,Sigmaringen
594,595,Kästerstr. 306,78151,Tuttlingen
595,596,Hartmannstr. 4,37111,Eutin
596,597,Eckbauergasse 745,27417,Erkelenz
597,598,Bährring 3,98482,Waren
598,599,Klemtweg 3/0,10044,Hohenstein-Ernstthal
599,600,Kuschallee 815,37893,Sömmerda
600,601,Fechnergasse 08,63689,Vohenstrauß
601,602,Katerina-Sontag-Ring 91,19364,Lobenstein
602,603,Junckweg 0,42245,Geithain
603,604,Höfigweg 3/2,25861,Guben
604,605,Gino-Adler-Platz 150,56226,Sternberg
605,606,Albertine-Hermighausen-Ring 8,92050,Bad Langensalza
606,607,Schönlandstr. 323,75929,Geithain
607,608,Fridolin-Döring-Gasse 996,10307,Sebnitz
608,609,Kruschwitzgasse 8,67111,Gera
609,610,Eleni-Jacob-Weg 6,13633,Rathenow
610,611,Ruppersbergerstr. 64,30320,Heinsberg
611,612,Marianne-Johann-Weg 8,20856,Kelheim
612,613,Meistergasse 5,56066,Malchin
613,614,Kargeweg 159,55655,Ahaus
614,615,Centa-Stey-Allee 004,51888,Dessau
615,616,Anna-Stahr-Gasse 3/4,98613,Sternberg
616,617,Guteweg 9/7,41443,Regen
617,618,Kabusgasse 1,92409,Leipziger Land
618,619,Gerhart-Kraushaar-Straße 5,48114,Heinsberg
619,620,Inge-Gnatz-Weg 7/4,34359,Bruchsal
620,621,David-Stumpf-Platz 455,39188,Badoberan
621,622,Randolf-Steinberg-Ring 47,75261,Bad Liebenwerda
622,623,Junckenring 1,61037,Beilngries
623,624,Manja-Mende-Weg 59,84670,Mühldorf am Inn
624,625,Nohlmansgasse 2/3,90355,Gräfenhainichen
625,626,Enver-Seifert-Gasse 7/6,27708,Kusel
626,627,Bauerweg 743,00482,Wurzen
627,628,Dobesweg 8/0,68656,Ueckermünde
628,629,Fred-Bohlander-Gasse 6,34146,Ravensburg
629,630,Meinolf-Nette-Weg 4,22924,Eckernförde
630,631,Bekir-Weimer-Weg 78,56421,Roding
631,632,Junckengasse 18,73277,Rostock
632,633,Mariana-Walter-Weg 2,41055,Ravensburg
633,634,Riehlstraße 2/7,02758,Eichstätt
634,635,Arnim-Klingelhöfer-Allee 5,35141,Schwäbisch Hall
635,636,Reinhold-Adolph-Gasse 295,12899,Sankt Goar
636,637,Attila-Reising-Platz 12,72773,Ochsenfurt
637,638,Rupert-Krein-Gasse 4,93926,Seelow
638,639,Hüseyin-Schäfer-Gasse 5,92376,Neustadt am Rübenberge
639,640,Christiane-Stiffel-Allee 5,97189,Riesa
640,641,Grafring 2,13710,Wernigerode
641,642,Dorle-Ernst-Weg 599,02731,Fulda
642,643,Oliver-Hermighausen-Straße 7,69980,Starnberg
643,644,Linkering 524,65599,Deggendorf
644,645,Mendeallee 554,03424,Peine
645,646,Sebastian-Haering-Platz 97,44780,Marienberg
646,647,Kreszentia-Ackermann-Ring 07,56909,Illertissen
647,648,Melita-Birnbaum-Straße 9,53588,Suhl
648,649,Adlerallee 69,19125,Staßfurt
649,650,Schleichstraße 6/0,59204,Hammelburg
650,651,Gunar-Jungfer-Gasse 2/9,52151,Parsberg
651,652,Irma-Eberth-Ring 757,01870,Stendal
652,653,Ludwig-Roskoth-Gasse 2/4,99146,Moers
653,654,Austermühleallee 9,99212,Pritzwalk
654,655,Sibylle-Albers-Platz 2/4,40557,Herzberg
655,656,Sabina-Krein-Weg 5/7,82373,Pritzwalk
656,657,Julia-Schinke-Straße 5/4,90111,Lemgo
657,658,Ottoring 9/3,83716,Miltenberg
658,659,Helmtrud-Gnatz-Straße 0/6,30962,Günzburg
659,660,Täscheallee 1/4,53409,Böblingen
660,661,Gerard-Werner-Platz 2,57024,Bad Kreuznach
661,662,Häringallee 01,67294,Torgau
662,663,Rustring 2,28024,Aue
663,664,Ruppertallee 1,60379,Schwäbisch Gmünd
664,665,Kästerweg 1,09392,Schrobenhausen
665,666,Mirko-Wagner-Straße 5/9,23078,Hohenmölsen
666,667,Silvio-Löchel-Allee 948,85957,Bayreuth
667,668,Arthur-Anders-Platz 5/0,67797,Jessen
668,669,Pohlstr. 8/1,92660,Hohenmölsen
669,670,Heimo-Junitz-Allee 2/0,40430,Burg
670,671,Fadime-Klapp-Platz 9/1,45953,Hammelburg
671,672,Mike-Conradi-Gasse 43,24996,Wertingen
672,673,Siglinde-Krause-Straße 30,16274,Meißen
673,674,Truppallee 81,85070,Groß-Gerau
674,675,Hermannstr. 79,55042,Garmisch-Partenkirchen
675,676,Carolin-Spieß-Gasse 6,14456,Hohenstein-Ernstthal
676,677,Eckhard-Junken-Ring 941,25329,Zeulenroda
677,678,Zorbachstr. 167,03464,Soest
678,679,Heckerplatz 20,53717,Herzberg
679,680,Naserstr. 63,85932,Fallingbostel
680,681,Mehmet-Gertz-Allee 1,50490,Beeskow
681,682,Gutknechtweg 4/7,03312,Greifswald
682,683,Steckelplatz 96,90997,Dieburg
683,684,Hessestraße 29,81677,Pößneck
684,685,Ludmilla-Heinz-Weg 9,63708,Neustadt am Rübenberge
685,686,Leon-Meister-Platz 3/4,54780,Ravensburg
686,687,Osman-Beer-Straße 980,97739,Bützow
687,688,Rudolph-Schomber-Ring 5/0,14405,Berlin
688,689,Siegmar-Höfig-Allee 500,57822,Schwäbisch Gmünd
689,690,Elsa-Täsche-Allee 819,80624,Mellrichstadt
690,691,Daria-Säuberlich-Straße 1,83388,Griesbach Rottal
691,692,Eugen-Förster-Weg 37,39392,Regensburg
692,693,Haasegasse 1/3,22836,Jülich
693,694,Täscheweg 1/3,84307,Northeim
694,695,Gerold-Mälzer-Allee 6/4,51618,Kleve
695,696,Birgit-Tintzmann-Allee 2/7,99538,Jülich
696,697,Petra-Jäntsch-Straße 7/9,10046,Soltau
697,698,Wulfweg 14,10010,Groß-Gerau
698,699,Vogtring 86,58954,Hannover
699,700,Zorbachstraße 5,13449,Säckingen
700,701,Laurenz-Jacob-Platz 368,68214,Lüneburg
701,702,Hahnstraße 3/4,13920,Stuttgart
702,703,Bolzmannstr. 7/1,15155,Höxter
703,704,Manja-Putz-Ring 0,61486,Bogen
704,705,Gumprichgasse 06,61885,Calw
705,706,Lorchallee 0/4,55683,Gerolzhofen
706,707,Serpil-Christoph-Gasse 98,67777,Feuchtwangen
707,708,Rotraut-Vollbrecht-Ring 2/8,90222,Waldmünchen
708,709,Hentschelweg 429,87596,Kyritz
709,710,Franz-Aumann-Allee 744,34542,Eisenberg
710,711,Mosemannallee 02,84521,Warendorf
711,712,Klappgasse 0,10249,Wolfenbüttel
712,713,Jochen-Kostolzin-Gasse 7/7,00201,Altentreptow
713,714,Eva-Dörschner-Weg 838,75004,Regen
714,715,Hofmannplatz 541,60296,Zschopau
715,716,Valerij-Zahn-Gasse 5/4,19417,Apolda
716,717,Arne-Trupp-Weg 26,37477,Schlüchtern
717,718,auch Schlauchinstr. 030,62596,Griesbach Rottal
718,719,Meyerallee 4,55073,Lübben
719,720,Ehlertgasse 8/1,01041,Staffelstein
720,721,Gregor-Kambs-Straße 84,86618,Mühlhausen
721,722,Hermighausenstr. 816,09706,Geithain
722,723,Misicherallee 172,93019,Koblenz
723,724,Rüdiger-Rose-Gasse 6,36544,Angermünde
724,725,Faustgasse 8/5,72513,Griesbach Rottal
725,726,Marliese-Hartmann-Straße 2/8,51771,Konstanz
726,727,Susann-Hölzenbecher-Weg 40,54122,Ribnitz-Damgarten
727,728,Krauseplatz 394,38906,Geithain
728,729,Horniggasse 668,52259,Ludwigslust
729,730,Gönül-Dobes-Ring 3/4,65027,Osterode am Harz
730,731,Rosenowplatz 530,04222,Borken
731,732,Holstenring 83,33811,Beeskow
732,733,Zirmeplatz 42,78191,Mittweida
733,734,Heinrichgasse 366,69223,Wunsiedel
734,735,Fritz-Schmiedt-Ring 0,83099,Fulda
735,736,Neuschäferstraße 951,76596,Rosenheim
736,737,Haufferstr. 157,38051,Schwandorf
737,738,Hoffmannweg 019,55421,Geithain
738,739,Agnes-Haase-Straße 8/7,09963,Waldmünchen
739,740,Adam-Putz-Straße 652,25489,Bogen
740,741,Mielcarekstr. 76,82303,Eilenburg
741,742,James-Hornich-Weg 6,83725,Guben
742,743,Bohnbachstraße 7,60918,Bersenbrück
743,744,Scholtzgasse 3,84402,Rehau
744,745,Kitzmannstraße 75,47012,Chemnitz
745,746,Seipstr. 92,93100,Hainichen
746,747,Hans D.-Wagner-Gasse 8/7,03071,Berchtesgaden
747,748,Adem-Seifert-Straße 4,41422,Mallersdorf
748,749,Hilma-Beckmann-Gasse 61,60053,Schrobenhausen
749,750,Mudestr. 14,87431,Darmstadt
750,751,Willi-Schlosser-Gasse 042,14486,Lübeck
751,752,Rosalia-Harloff-Platz 80,97346,Jüterbog
752,753,Noackring 10,88137,Bad Langensalza
753,754,Fadime-Heidrich-Straße 0,68944,Brilon
754,755,Ditschlerinstr. 15,30435,Arnstadt
755,756,Milka-Reising-Allee 88,74393,Dinkelsbühl
756,757,Gino-Gorlitz-Ring 146,68401,Uelzen
757,758,Reichmannplatz 561,35631,Oschatz
758,759,Rüdiger-Rörricht-Gasse 9,29283,Zschopau
759,760,Katalin-Bachmann-Gasse 035,86763,Regen
760,761,Kasimir-Hertrampf-Straße 163,08595,Wolgast
761,762,Wohlgemutstr. 281,76949,Genthin
762,763,Zorbachring 0,79923,Eggenfelden
763,764,Hornichallee 4,82158,Lübeck
764,765,Adelheid-Käster-Platz 16,66975,Wolfratshausen
765,766,Gotthard-Gierschner-Allee 81,11743,Nabburg
766,767,Bohlanderweg 3,98784,Pegnitz
767,768,Virginia-Möchlichen-Weg 735,61993,Uffenheim
768,769,Ullmannweg 615,03155,Brilon
769,770,Kösterplatz 56,96537,Grafenau
770,771,Trüballee 31,13837,Gütersloh
771,772,Hans-Dietrich-Gröttner-Gasse 6,32861,Großenhain
772,773,Lilli-auch Schlauchin-Weg 522,27135,Lobenstein
773,774,Lindauring 4,80202,Grevenbroich
774,775,Weimerplatz 2/7,90357,Bischofswerda
775,776,Riehlweg 5,74247,Main-Höchst
776,777,Svenja-Trommler-Platz 5,79348,Dinslaken
777,778,Ingrid-Hoffmann-Ring 178,93241,Wurzen
778,779,Uli-Müller-Gasse 13,59769,Arnstadt
779,780,Nuri-Köhler-Gasse 4,64926,Northeim
780,781,Schollgasse 2,04852,Brilon
781,782,Jaqueline-Staude-Straße 77,97955,Aue
782,783,Philip-Barkholz-Gasse 7/0,96122,Wernigerode
783,784,Gundi-Dörr-Straße 627,18843,Gotha
784,785,Adolphallee 932,77042,Stadtsteinach
785,786,Gießstraße 08,78126,Duderstadt
786,787,Neuschäferstraße 7,93759,Ludwigsburg
787,788,Kira-Geißler-Weg 777,48000,Säckingen
788,789,Heckerallee 056,12404,Aurich
789,790,Edeltraut-Schacht-Gasse 95,66016,Magdeburg
790,791,Liliane-Hornig-Weg 69,33411,Feuchtwangen
791,792,Krauseplatz 956,68053,Parchim
792,793,Rennerstraße 465,60795,Eilenburg
793,794,Klemmallee 4/0,10682,Roding
794,795,Kobeltplatz 506,05499,Mayen
795,796,Cynthia-Loos-Platz 5/1,21498,Ahaus
796,797,Evelyne-Huhn-Gasse 41,87401,Niesky
797,798,Hubert-Rust-Allee 5/4,69690,Oranienburg
798,799,Friedl-Preiß-Straße 279,51583,Geithain
799,800,Leopold-Martin-Allee 3,26730,Pößneck
800,801,Jäkelplatz 56,47344,Greiz
801,802,Mentzelstraße 2/9,02292,Neu-Ulm
802,803,Jose-Wilmsen-Straße 7/0,93407,Sulzbach-Rosenberg
803,804,Karzweg 575,59088,Seelow
804,805,Domenico-Weller-Weg 4,68379,Siegen
805,806,Sontagweg 1/5,35594,Calw
806,807,Roggegasse 8/5,89365,Schmölln
807,808,Wulffgasse 8/9,22167,Bremen
808,809,Hedwig-Ullmann-Gasse 8,09619,Tuttlingen
809,810,Heide-Drewes-Weg 1/8,42175,Staffelstein
810,811,Junckenring 728,55108,Meiningen
811,812,Hermannstraße 9,70102,Freising
812,813,Fröhlichplatz 73,64424,Sebnitz
813,814,Kaulplatz 2,77659,Mallersdorf
814,815,Gudeallee 99,58261,Nordhausen
815,816,Fröhlichstraße 9,57113,Belzig
816,817,Kristiane-Trupp-Ring 00,54293,Saulgau
817,818,Trudel-Mentzel-Ring 7,19680,Rockenhausen
818,819,Hartungweg 8,52016,Großenhain
819,820,Krokerring 829,51992,Neunburg vorm Wald
820,821,Rädelring 8,49870,Lichtenfels
821,822,Mareen-Bruder-Platz 403,20341,Schwandorf
822,823,Rörrichtring 897,25309,Viechtach
823,824,Barbara-Lehmann-Gasse 6/9,61169,Weißwasser
824,825,Zita-Butte-Ring 8/4,08987,Gransee
825,826,Mitschkeplatz 8,53694,Wittmund
826,827,Dippelallee 557,02693,Göppingen
827,828,Birnbaumgasse 2/7,29544,Hammelburg
828,829,Giuseppe-Scheibe-Gasse 82,01398,Jena
829,830,Erol-Pohl-Ring 6,60515,Miltenberg
830,831,Stefani-Dowerg-Straße 9/9,57084,Geldern
831,832,Jähngasse 8,85519,Garmisch-Partenkirchen
832,833,Gertraude-Steinberg-Weg 1,24526,Calau
833,834,Sibilla-Zahn-Weg 42,17628,Wernigerode
834,835,Haufferstraße 8,83763,Saarbrücken
835,836,Kambsstr. 3/7,59879,Borna
836,837,Löwerstraße 3/2,12353,Marktheidenfeld
837,838,Leonie-Gröttner-Gasse 0/2,38198,Freudenstadt
838,839,Annaliese-Hahn-Allee 163,05790,Erfurt
839,840,Piotr-Fritsch-Gasse 5/8,27195,Potsdam
840,841,Bonbachgasse 381,43800,Görlitz
841,842,Ellinor-Budig-Gasse 47,13722,Calw
842,843,Sorgatzring 54,28910,Einbeck
843,844,Geiselring 32,94393,Ribnitz-Damgarten
844,845,Kramergasse 90,25191,Backnang
845,846,Marie-Luise-Biggen-Straße 234,12289,Gifhorn
846,847,Alois-Sager-Straße 6/7,32248,Sömmerda
847,848,Süßebierweg 576,99305,Jessen
848,849,Gerta-Beckmann-Gasse 7/3,44777,Lörrach
849,850,Jann-Henschel-Gasse 58,11281,Stade
850,851,Trude-Kreusel-Ring 33,08911,Bad Kreuznach
851,852,Emma-Trubin-Gasse 135,51579,Halberstadt
852,853,Heydrichweg 27,73806,Amberg
853,854,Hartmannstr. 882,34787,Strausberg
854,855,Schaafplatz 464,06304,Bayreuth
855,856,Thekla-Dörr-Allee 34,96654,Bergzabern
856,857,Norma-Döring-Platz 4/2,44365,Groß-Gerau
857,858,Katy-Gute-Weg 32,77372,Stade
858,859,Albina-Schomber-Straße 568,41752,Rockenhausen
859,860,Sahin-Seifert-Weg 92,42942,Mühldorf am Inn
860,861,Ullrichstr. 35,37741,Bad Langensalza
861,862,Schwitalgasse 9/7,50090,Gießen
862,863,Gutknechtring 05,50600,Bitterfeld
863,864,Brigitte-Zobel-Weg 4/9,11450,Eisenach
864,865,Giovanna-Bachmann-Straße 374,80536,Lübz
865,866,Albersweg 4,58880,Gunzenhausen
866,867,Desiree-Barth-Straße 210,15781,Naila
867,868,Wagnergasse 139,35366,Jüterbog
868,869,Kadestr. 0/8,15975,Forst
869,870,Hoffmannallee 355,89390,Sebnitz
870,871,Siegfried-Grein Groth-Straße 049,47564,Hannover
871,872,Flantzstr. 643,70453,Lobenstein
872,873,Elfi-Gieß-Allee 9/2,52653,Berchtesgaden
873,874,Huhnweg 8/1,77670,Gelnhausen
874,875,Juan-Hettner-Gasse 9,88300,Niesky
875,876,Heintzeweg 5,24282,Düren
876,877,Kostolzinstraße 163,85398,Bergzabern
877,878,Kamil-Köhler-Allee 7/9,27080,Stade
878,879,Lena-Ring-Straße 1,09681,Biedenkopf
879,880,Jesselstr. 001,61522,Bitterfeld
880,881,Sieringring 174,69683,Rothenburg ob der Tauber
881,882,Bonbachring 5/9,28734,Kaiserslautern
882,883,Gisa-Riehl-Platz 793,95548,Jessen
883,884,Halina-Beer-Ring 656,57218,Iserlohn
884,885,Danuta-Krause-Straße 62,48937,Gardelegen
885,886,Peter-Michael-Mitschke-Allee 1/5,88208,Niesky
886,887,Janine-Tröst-Ring 384,21676,Borken
887,888,Danny-Mies-Gasse 5/2,14213,Gerolzhofen
888,889,Ada-Haase-Platz 8,20942,Darmstadt
889,890,Kadeplatz 3,33916,Biedenkopf
890,891,Hertrampfring 4/1,50845,Gelnhausen
891,892,Susi-Schaaf-Platz 80,74667,Dachau
892,893,Spießplatz 97,09409,Gütersloh
893,894,Scheuermannring 51,39735,Moers
894,895,Gerhart-Förster-Ring 4/7,73910,Neuss
895,896,Mohamed-Haering-Platz 7/2,53036,Görlitz
896,897,Kreinring 54,01042,Hohenmölsen
897,898,Hildegard-Lübs-Straße 6/3,59115,Osterode am Harz
898,899,Rudolphstr. 790,11833,Güstrow
899,900,Andrzej-Austermühle-Weg 2,20407,Lübeck
900,901,Jörn-Kade-Gasse 6,69806,Heiligenstadt
901,902,Langeweg 3,35051,Bremen
902,903,Olena-Schleich-Straße 5/7,35750,Erding
903,904,Jeannette-Zänker-Ring 9/1,34885,Querfurt
904,905,Reisingplatz 6,15078,Mittweida
905,906,Pauline-Klotz-Straße 122,14157,Erding
906,907,Eckbauerallee 25,16205,Viersen
907,908,Nelly-Werner-Platz 838,78429,Hamburg
908,909,Gertzstraße 7/3,25153,Siegen
909,910,Trappring 18,21529,München
910,911,Scholzallee 5,79924,Lübeck
911,912,Kreszenz-Flantz-Allee 78,49762,Schongau
912,913,Vassilios-Gotthard-Weg 2/0,96311,Spremberg
913,914,Hans-Rainer-Schleich-Gasse 5,06435,Bad Brückenau
914,915,Zorbachring 5,20553,Meiningen
915,916,Schweitzerstraße 795,86880,Marktheidenfeld
916,917,Dehmelweg 028,98330,Lüdenscheid
917,918,Andree-Budig-Weg 466,74017,Demmin
918,919,Nasergasse 45,21887,Wismar
919,920,Blümelgasse 059,06556,Hildesheim
920,921,Raisa-Jacobi Jäckel-Weg 9,67373,Melle
921,922,Röhrichtplatz 29,86621,Nabburg
922,923,Trübplatz 465,00839,Greifswald
923,924,Schweitzerstraße 3,19392,Saarlouis
924,925,Fiebigring 238,14311,Erfurt
925,926,Jockelstr. 778,80274,Starnberg
926,927,Casparstr. 76,56995,Bremervörde
927,928,Baldur-Bärer-Ring 2/3,98520,Dachau
928,929,Schenkallee 20,97412,Bamberg
929,930,Cristina-Adolph-Platz 103,35820,Strausberg
930,931,Heinz-Günther-Kallert-Straße 1/5,85048,Lüneburg
931,932,Seidelallee 1/8,69847,Göppingen
932,933,Conrad-Biggen-Ring 0,75733,Rochlitz
933,934,Peter-Kitzmann-Ring 76,18053,Genthin
934,935,Domenico-Eberhardt-Straße 79,89240,Lübeck
935,936,Kläre-Ackermann-Allee 072,22657,Freising
936,937,Ruppersbergergasse 884,63249,Flöha
937,938,Kabusstraße 604,79872,Stade
938,939,Schmidtring 4/0,67509,Strasburg
939,940,Ullrichplatz 034,58541,Garmisch-Partenkirchen
940,941,Ernestine-Pölitz-Platz 84,29514,Mühlhausen
941,942,Mitschkeweg 9/9,26207,Konstanz
942,943,Hanspeter-Stoll-Gasse 52,36938,Schleiz
943,944,Antonios-Römer-Straße 8/5,84273,Teterow
944,945,Klaus-Michael-Christoph-Platz 502,53837,Rochlitz
945,946,Emmerich-Vogt-Gasse 269,00130,Tecklenburg
946,947,Thilo-Dobes-Platz 320,78886,Waren
947,948,Hoffmannstr. 89,12324,Greiz
948,949,Döhnplatz 827,21921,Ahaus
949,950,Dorothee-Beer-Ring 14,34346,Bad Liebenwerda
950,951,Neuschäferallee 49,44443,Erding
951,952,Jacobi Jäckelstraße 98,98710,Fulda
952,953,Sergio-Kreusel-Platz 593,81709,Burglengenfeld
953,954,Alwin-Ullmann-Straße 3,34272,Grimmen
954,955,Mangoldgasse 764,33362,Riesa
955,956,Schmidtring 9/2,80139,Demmin
956,957,Charles-Gerlach-Gasse 9,58640,Stadtroda
957,958,Mangoldallee 60,71191,Großenhain
958,959,Sorgatzweg 9/9,90734,Osterode am Harz
959,960,Schleichstr. 242,31216,Griesbach Rottal
960,961,Etzoldweg 464,67196,Delitzsch
961,962,Alena-Haase-Weg 3,40334,Ribnitz-Damgarten
962,963,Dietzstraße 6,74716,Eisenberg
963,964,Häringring 019,14083,Sankt Goarshausen
964,965,Sedat-Kallert-Allee 55,90673,Hettstedt
965,966,Finkering 1,44015,Teterow
966,967,Walterweg 4,76011,Hofgeismar
967,968,Schaafstraße 91,80065,Eggenfelden
968,969,Mendeweg 42,30750,Kehl
969,970,Alberto-Henck-Ring 1,90161,Neustadt am Rübenberge
970,971,Kai-Uwe-Fliegner-Straße 35,99277,Seelow
971,972,Jonas-Nohlmans-Straße 6,81795,Schmölln
972,973,Dino-Wulff-Gasse 64,68975,Görlitz
973,974,Pruschkeplatz 6/3,57805,Rosenheim
974,975,Hillerallee 2,71829,Schmölln
975,976,Eckard-Hornich-Straße 5/7,81386,Kelheim
976,977,Susi-Rörricht-Platz 73,97951,Gütersloh
977,978,Beierplatz 574,71843,Soest
978,979,Gießweg 942,21900,Hainichen
979,980,Matthäiallee 671,18931,Plauen
980,981,Steyweg 3/4,63960,Vechta
981,982,Meistergasse 6,05068,Sternberg
982,983,Mülichenstraße 9,62303,Pegnitz
983,984,Erdogan-Döring-Gasse 67,10559,Weißenfels
984,985,Seidelgasse 26,16203,Crailsheim
985,986,Svenja-Süßebier-Ring 37,55439,Holzminden
986,987,Dusan-Kobelt-Platz 1/2,61999,Rottweil
987,988,Olivia-Täsche-Gasse 4,71753,Badibling
988,989,Cornelia-Staude-Platz 7/8,30310,Schweinfurt
989,990,Schulzallee 9/1,59828,Eckernförde
990,991,Riehlstr. 4/4,72583,Görlitz
991,992,Thiesplatz 7,29159,Pinneberg
992,993,Malgorzata-Bähr-Gasse 562,28435,Paderborn
993,994,Eduard-Dippel-Ring 4/2,31650,Anklam
994,995,Winklerring 6,96203,Schrobenhausen
995,996,Sagerallee 6/3,37209,Göppingen
996,997,Hörleplatz 922,50892,Leipziger Land
997,998,Hofmanngasse 1,07535,Aschaffenburg
998,999,Carsten-Sager-Allee 8,87054,Schwarzenberg
999,1000,Schleichweg 6/1,20924,Dinslaken
1000,1001,Strohweg 39,22697,Badalzungen
1001,1002,Marina-Bender-Gasse 310,69257,Crailsheim
1002,1003,Leonardo-Gunpf-Weg 6,56830,Germersheim
1003,1004,Roswitha-Trommler-Weg 76,45718,Hansestadttralsund
1004,1005,Annett-Wilmsen-Weg 9/7,84785,Strausberg
1005,1006,Schmidtkeallee 292,45350,Crailsheim
1006,1007,Elfi-Lehmann-Ring 6/4,75832,Schwäbisch Hall
1007,1008,Langestr. 8/3,87897,Gießen
1008,1009,Albrecht-Stroh-Allee 8/0,30037,Weißenfels
1009,1010,Zahnallee 7,61125,Euskirchen
1010,1011,Burkard-Börner-Allee 2,12190,Ebermannstadt
1011,1012,Gitta-Christoph-Gasse 04,68310,Göttingen
1012,1013,Casparstr. 023,80103,Lemgo
1013,1014,Eigenwilligweg 1,91976,Schwabmünchen
1014,1015,Wilfried-Ziegert-Weg 838,37850,Rudolstadt
1015,1016,Uwe-Schleich-Ring 21,40007,Hansestadttralsund
1016,1017,Patbergweg 636,78409,Rastatt
1017,1018,Lieselotte-Wende-Straße 808,75377,Lobenstein
1018,1019,Beckerallee 18,18201,Einbeck
1019,1020,Hubertine-Trommler-Platz 5/3,99838,Ilmenau
1020,1021,Gumprichweg 37,50913,Dieburg
1021,1022,Kitzmannplatz 4,56285,Illertissen
1022,1023,Henckallee 36,74500,Schmölln
1023,1024,Holzapfelallee 20,01831,Dinkelsbühl
1024,1025,Staudestr. 437,22876,Hannoversch Münden
1025,1026,Ilona-Gehringer-Weg 57,23411,Neustrelitz
1026,1027,Annemie-Eckbauer-Platz 8/9,21868,Neustadtner Waldnaab
1027,1028,Doreen-Benthin-Straße 03,50887,Coburg
1028,1029,Witold-Adler-Straße 470,88875,Schwandorf
1029,1030,Blochstraße 29,30906,Coburg
1030,1031,Junkenweg 139,27539,Erkelenz
1031,1032,Therese-Liebelt-Ring 15,11755,Luckau
1032,1033,Naserstr. 8/3,33560,Starnberg
1033,1034,Boucseinstraße 0/7,09192,Warendorf
1034,1035,Hans-Rainer-Heidrich-Ring 17,62732,Eilenburg
1035,1036,Gerlachgasse 117,26941,Dresden
1036,1037,Hardy-Kreusel-Ring 0,77810,Borken
1037,1038,Seifertgasse 4,22367,Pasewalk
1038,1039,Bonbachweg 650,29964,Gera
1039,1040,Gotthardplatz 89,27938,Mühlhausen
1040,1041,Stumpfstraße 2/3,83182,Schmölln
1041,1042,Hildegund-Ebert-Allee 21,67432,Sankt Goar
1042,1043,Mudering 235,61846,Gadebusch
1043,1044,Silva-Bähr-Ring 90,11019,Gotha
1044,1045,Klemtstr. 645,85069,Uelzen
1045,1046,Kohlring 3,83009,Pritzwalk
1046,1047,Ullrichallee 00,06969,Gransee
1047,1048,Frankestr. 4/6,30215,Plauen
1048,1049,Lilija-Fischer-Weg 2,64810,Reutlingen
1049,1050,Schmiedeckeweg 0,10688,Dachau
1050,1051,Carla-Kobelt-Allee 8,94949,Hoyerswerda
1051,1052,Irmtraud-Weitzel-Weg 40,28530,Recklinghausen
1052,1053,Trübstr. 94,33544,Greifswald
1053,1054,Yasmin-Kreusel-Ring 5/5,86015,Brandenburg
1054,1055,Hornichallee 81,69234,Hohenmölsen
1055,1056,Mirko-Misicher-Platz 8/1,24435,Mühlhausen
1056,1057,Gottlieb-Drubin-Ring 8,91703,Schweinfurt
1057,1058,Pechelgasse 57,22587,Augsburg
1058,1059,Reimer-Stahr-Platz 0,06799,Duderstadt
1059,1060,Reuterstr. 5,82425,Ludwigslust
1060,1061,Ute-Sager-Straße 77,71349,Witzenhausen
1061,1062,Raymund-Bauer-Platz 61,37800,Marktheidenfeld
1062,1063,Boucseinring 61,46631,Kelheim
1063,1064,Edmund-Gertz-Platz 85,92181,Wolfenbüttel
1064,1065,Gerta-Zimmer-Allee 3,87114,Staffelstein
1065,1066,Budigplatz 3/1,48104,Leipziger Land
1066,1067,Cäcilie-Jäkel-Allee 30,23732,Schwarzenberg
1067,1068,Schmidtkeallee 62,05737,Tirschenreuth
1068,1069,Agnes-Bruder-Platz 5/7,87283,Bad Mergentheim
1069,1070,Gertzweg 740,00830,Schwarzenberg
1070,1071,Lore-Kaul-Weg 6/9,74739,Jüterbog
1071,1072,Hans-Wolfgang-Spieß-Gasse 6,54670,Soltau
1072,1073,Radischstr. 2,83609,Einbeck
1073,1074,Erwin-Wagner-Ring 456,80242,Heiligenstadt
1074,1075,Schaafplatz 8/4,69868,Main-Höchst
1075,1076,Fröhlichstr. 137,21732,Norden
1076,1077,Hartungring 2/6,95716,Ebern
1077,1078,Gotthardstraße 77,60781,Göttingen
1078,1079,Hasso-Gehringer-Gasse 6,00416,Pößneck
1079,1080,Scholzstr. 0/9,69601,Grimmen
1080,1081,Giuseppe-Hesse-Allee 92,61197,Kamenz
1081,1082,Desiree-Weihmann-Ring 89,69590,Miltenberg
1082,1083,Etzlerstr. 8/1,43234,Oranienburg
1083,1084,Hornichring 9/5,90005,Döbeln
1084,1085,Döringallee 77,06676,Hoyerswerda
1085,1086,Klothilde-Hamann-Allee 15,95424,Wetzlar
1086,1087,Corinne-Seip-Weg 3/3,83483,Grafenau
1087,1088,Schusterplatz 984,41133,Brilon
1088,1089,Lore-Bärer-Straße 6,15064,Eutin
1089,1090,Nasergasse 7/9,74309,Kronach
1090,1091,Löfflerstr. 9,28096,Zschopau
1091,1092,Diethard-Heidrich-Platz 45,78566,Dinkelsbühl
1092,1093,Heidrichplatz 050,80460,Ludwigsburg
1093,1094,Kuschstraße 259,20549,Parsberg
1094,1095,Fiebigstraße 7/7,33264,Jülich
1095,1096,Jakob-Kaul-Ring 96,08820,Siegen
1096,1097,Junkenallee 2/7,22268,Fallingbostel
1097,1098,Krauseplatz 873,99622,Finsterwalde
1098,1099,Gertrude-Anders-Ring 093,61321,Mühldorf am Inn
1099,1100,Killerallee 894,26685,Pinneberg
1100,1101,Brian-Bohnbach-Weg 1,77310,Havelberg
1101,1102,Moritz-Zobel-Allee 90,72663,Oberviechtach
1102,1103,Losekannweg 6/7,56939,Eisenhüttenstadt
1103,1104,Thomas-Heß-Allee 517,66965,Pasewalk
1104,1105,Kostolzingasse 266,68006,Amberg
1105,1106,Bodo-Weinhage-Weg 52,11608,Marktheidenfeld
1106,1107,Schönlandstraße 4,82357,Schrobenhausen
1107,1108,Gerlachstraße 764,67549,Havelberg
1108,1109,Ahmed-Köhler-Platz 364,03126,Wolmirstedt
1109,1110,Siegbert-Zorbach-Weg 9,72012,Kemnath
1110,1111,Clara-Lange-Ring 84,85023,Dieburg
1111,1112,Kohlstr. 1/6,04554,Schweinfurt
1112,1113,Helga-Hänel-Straße 8,17913,Weißenfels
1113,1114,Zdenka-Nohlmans-Allee 3/1,41756,Schongau
1114,1115,Jasmin-Hiller-Ring 09,42115,Geithain
1115,1116,Philipp-Mohaupt-Gasse 7,76463,Hannoversch Münden
1116,1117,Kreinstr. 8/1,93031,Fulda
1117,1118,Weinholdring 06,59338,Stade
1118,1119,Ruppertstr. 6/5,52418,Brilon
1119,1120,Muharrem-Jäntsch-Weg 2/8,06600,Geldern
1120,1121,Casparstraße 41,21635,Husum
1121,1122,Pieperweg 9/0,74898,Worbis
1122,1123,Schusterplatz 0,36430,Bützow
1123,1124,Gesa-Segebahn-Ring 1,03080,Rosenheim
1124,1125,Beata-Kranz-Gasse 9/4,00197,Hannover
1125,1126,Mirjana-Römer-Gasse 8,42368,Eichstätt
1126,1127,Gerdi-Wende-Allee 2/6,44949,Nordhausen
1127,1128,Hermannallee 074,09981,Lippstadt
1128,1129,Benthinstraße 903,68729,Cuxhaven
1129,1130,Diedrich-Gutknecht-Weg 6/5,00626,Biedenkopf
1130,1131,Franca-Hendriks-Ring 228,48062,Cottbus
1131,1132,Putzstr. 698,82748,Meiningen
1132,1133,Hillerstr. 7/1,51787,Gifhorn
1133,1134,Buttering 8,44540,Brilon
1134,1135,Peer-Gnatz-Gasse 58,57484,Eggenfelden
1135,1136,Rognerplatz 51,72148,Paderborn
1136,1137,Eckart-Jungfer-Straße 6/7,27036,Arnstadt
1137,1138,Schulzgasse 71,49561,Werdau
1138,1139,Sandro-Karz-Gasse 6/9,57747,Schmölln
1139,1140,Mosemannallee 3/5,83882,Güstrow
1140,1141,Larissa-Ritter-Gasse 19,50301,Bersenbrück
1141,1142,Margrafplatz 9,74779,Regensburg
1142,1143,Änne-Schweitzer-Gasse 207,23344,Büsingen am Hochrhein
1143,1144,Swen-Finke-Allee 328,72446,Bremervörde
1144,1145,Zenta-Börner-Platz 368,26717,Neuruppin
1145,1146,Ingelore-Mitschke-Weg 4/0,87190,Wesel
1146,1147,Zeki-Gumprich-Gasse 70,57858,Eggenfelden
1147,1148,Drubinallee 2/6,82587,Kaiserslautern
1148,1149,Gierschnerstraße 8,98423,Hannoversch Münden
1149,1150,Weimerweg 508,77781,Feuchtwangen
1150,1151,Wagnerstraße 7/5,83038,Dinkelsbühl
1151,1152,Andrey-Klotz-Platz 44,08498,Dachau
1152,1153,Holstenring 03,19092,Havelberg
1153,1154,Haasestr. 7/0,92659,Genthin
1154,1155,Alfonso-Tintzmann-Allee 391,54504,Freudenstadt
1155,1156,Sigurd-Rudolph-Allee 2,64691,Crailsheim
1156,1157,Schmiedtallee 4/4,95041,Eckernförde
1157,1158,Heckerstr. 3/3,80333,Dachau
1158,1159,Oda-Höfig-Weg 3,46060,Ahaus
1159,1160,Mirjana-Weiß-Gasse 748,86929,Tuttlingen
1160,1161,Olaf-Kostolzin-Straße 8/5,25501,Gütersloh
1161,1162,Holtstr. 5,81321,Querfurt
1162,1163,Jasmin-Adler-Ring 659,28663,Sebnitz
1163,1164,Trommlerring 20,95449,Hansestadttralsund
1164,1165,Melanie-Döring-Platz 44,81155,Werdau
1165,1166,Heckerring 823,26235,Emmendingen
1166,1167,Zorbachweg 71,19556,Aue
1167,1168,Gutknechtstraße 0/6,24601,Dinslaken
1168,1169,Boucseinstraße 50,87170,Säckingen
1169,1170,Patbergweg 6/8,95124,Calau
1170,1171,Georgios-Hartung-Straße 018,28461,Gera
1171,1172,Rosalie-Rogge-Ring 503,25257,Geldern
1172,1173,Clara-Gute-Allee 4,48112,Oschatz
1173,1174,Verena-Neuschäfer-Allee 35,10611,Jena
1174,1175,Melita-Seip-Straße 8,84395,Hamburg
1175,1176,Axel-Pohl-Gasse 81,55334,Torgau
1176,1177,Stollallee 03,98590,Stollberg
1177,1178,Fatih-Wende-Gasse 73,82558,Höxter
1178,1179,Yvonne-Staude-Allee 8,56105,Pirmasens
1179,1180,Wiekstr. 31,67114,Neuss
1180,1181,Neureutherstraße 44,89488,Rudolstadt
1181,1182,Heinfried-Hecker-Platz 0/1,03323,Hammelburg
1182,1183,Börnerstraße 577,51475,Plauen
1183,1184,Rosemannweg 3,25229,Osterode am Harz
1184,1185,Herrmannstr. 166,31326,Berchtesgaden
1185,1186,Seidelstr. 4,07839,Angermünde
1186,1187,Mendestraße 6/4,86238,Forst
1187,1188,Silva-Wilmsen-Weg 0/5,83875,Neustadtner Waldnaab
1188,1189,Vollbrechtweg 0,22831,Kehl
1189,1190,Ansgar-Aumann-Platz 3,57541,Delitzsch
1190,1191,Milena-Berger-Platz 58,13114,Ravensburg
1191,1192,Dobesweg 2/6,55316,Neunburg vorm Wald
1192,1193,Gierschnerstr. 5/0,29373,Tübingen
1193,1194,Häringstr. 69,28390,Mainburg
1194,1195,Gutknechtplatz 7,84242,Grevesmühlen
1195,1196,Preißring 4/4,38935,Emmendingen
1196,1197,Jo-Tlustek-Gasse 468,58842,Erbisdorf
1197,1198,Gerdi-Ullmann-Gasse 9/8,35411,Badalzungen
1198,1199,Ortmannallee 58,99195,Quedlinburg
1199,1200,Inga-Beer-Platz 6/7,07070,Dinkelsbühl
1200,1201,Scheuermannallee 041,84253,Uffenheim
1201,1202,Annie-Weitzel-Weg 3,66134,Wolfratshausen
1202,1203,Liebeltallee 501,31982,Bergzabern
1203,1204,Nada-Dörr-Straße 6/2,73906,Perleberg
1204,1205,Barthstr. 45,00352,Bad Brückenau
1205,1206,Raymond-Pärtzelt-Weg 4,89363,Freudenstadt
1206,1207,Pruschkeallee 1,34790,Stadtsteinach
1207,1208,Hänelstr. 5/1,03966,Wolfratshausen
1208,1209,Thanelweg 314,18400,Hettstedt
1209,1210,Lübsgasse 1,20897,Hechingen
1210,1211,Antonia-Köster-Platz 71,75276,Rochlitz
1211,1212,Almuth-Girschner-Weg 732,12852,Freising
1212,1213,Dorina-Adolph-Allee 6,71507,Einbeck
1213,1214,Hans-Jochen-Rose-Gasse 2/3,97736,Wolfratshausen
1214,1215,Aumannstraße 439,20512,Erding
1215,1216,Sina-Cichorius-Gasse 634,01207,Neuruppin
1216,1217,Otmar-Radisch-Platz 602,98467,Gardelegen
1217,1218,Hella-Bruder-Straße 3,83615,Gräfenhainichen
1218,1219,Butteallee 5/4,67808,Lemgo
1219,1220,Sarina-Stumpf-Platz 66,12375,Siegen
1220,1221,Josefa-Henck-Platz 6,10228,Torgau
1221,1222,Binnerallee 664,38928,Calau
1222,1223,Dobesgasse 904,17743,Ueckermünde
1223,1224,Virginia-Krause-Weg 71,74122,Regen
1224,1225,Wencke-Langern-Platz 30,17744,Kassel
1225,1226,Gertraud-Warmer-Platz 75,99630,Parsberg
1226,1227,Wagenknechtweg 666,82633,Kötzting
1227,1228,Junkenallee 03,11517,Kitzingen
1228,1229,Kuhlplatz 4/8,42176,Dinkelsbühl
1229,1230,Junkplatz 652,80033,Augsburg
1230,1231,Judith-Junck-Straße 5,05731,Schrobenhausen
1231,1232,Kreszenz-Schacht-Platz 1/6,37341,Spremberg
1232,1233,Andersallee 94,10283,Eichstätt
1233,1234,Pergandering 7/2,39111,Wernigerode
1234,1235,Ivan-Kobelt-Allee 3,62135,Sömmerda
1235,1236,Plathallee 549,68601,Fallingbostel
1236,1237,Traute-Hofmann-Platz 4/4,60277,Diepholz
1237,1238,Diana-Etzold-Weg 183,52153,Pegnitz
1238,1239,Canan-Kallert-Allee 129,41314,Dachau
1239,1240,Eimerring 4/3,75390,Dachau
1240,1241,Hamannring 67,63952,Rastatt
1241,1242,Aumannstr. 43,79703,Herford
1242,1243,Etzoldplatz 2,12160,Cuxhaven
1243,1244,Alicia-Kallert-Weg 342,35307,Staßfurt
1244,1245,Austermühlegasse 445,78450,Finsterwalde
1245,1246,Ernstweg 967,83445,Günzburg
1246,1247,Ruppersbergerstraße 761,91305,Teterow
1247,1248,Leon-Meister-Ring 69,90506,Bayreuth
1248,1249,Grein Grothplatz 81,73121,Eckernförde
1249,1250,Pasquale-Huhn-Ring 7/8,28362,Hoyerswerda
1250,1251,Holstenring 8/7,74726,Hildesheim
1251,1252,Lorchgasse 13,01703,Mühldorf am Inn
1252,1253,Selma-Barkholz-Straße 983,87736,Bad Liebenwerda
1253,1254,Stahrgasse 6/1,86348,Gräfenhainichen
1254,1255,Alexander-Heuser-Platz 7,20623,Vilsbiburg
1255,1256,Klaus-Jürgen-Kitzmann-Platz 27,81498,Kyritz
1256,1257,Gorlitzplatz 4,40774,Ludwigsburg
1257,1258,Johannes-Schulz-Gasse 8/8,62039,Melsungen
1258,1259,Weißplatz 8/0,34005,Parchim
1259,1260,Slawomir-Holsten-Weg 753,29423,Main-Höchst
1260,1261,Charles-Becker-Straße 595,47566,Wittstock
1261,1262,Rotraud-Kabus-Ring 825,28509,Säckingen
1262,1263,Regina-Thanel-Platz 543,15378,Kulmbach
1263,1264,Mansgasse 8,11993,Hansestadttralsund
1264,1265,Harry-Gorlitz-Allee 0/2,18241,Lübben
1265,1266,Martinstr. 5/8,50037,Scheinfeld
1266,1267,Cichoriusring 631,83177,Amberg
1267,1268,Casparstraße 6/3,13794,Finsterwalde
1268,1269,Bergerring 44,99719,Roth
1269,1270,Birger-Geisel-Weg 5,13119,Lüdinghausen
1270,1271,Lachmannweg 35,56920,Geithain
1271,1272,Gierschnergasse 2,07956,Berchtesgaden
1272,1273,Rosl-Zimmer-Allee 1/6,16447,Ochsenfurt
1273,1274,Langeweg 1/0,97853,Schwabmünchen
1274,1275,Adolphplatz 26,54153,Seelow
1275,1276,Sigurd-Vollbrecht-Weg 200,78819,Borna
1276,1277,Holstenring 3/1,39150,Viechtach
1277,1278,Kuno-Harloff-Weg 581,43388,Bayreuth
1278,1279,Eleni-Riehl-Gasse 7/7,47371,Bad Brückenau
1279,1280,Hellwigallee 880,85428,Sternberg
1280,1281,Simon-auch Schlauchin-Straße 3/0,44218,Klötze
1281,1282,Tadeusz-Striebitz-Weg 79,16953,Strausberg
1282,1283,Karl-Georg-Scholl-Straße 43,30190,Gera
1283,1284,Stjepan-Rohleder-Platz 0,75391,Demmin
1284,1285,Mielcarekstraße 640,60727,Jena
1285,1286,Friedemann-Kramer-Weg 53,65622,Günzburg
1286,1287,Kuschstraße 315,60303,Germersheim
1287,1288,Weimerstr. 817,22319,Haldensleben
1288,1289,Södinggasse 82,87339,Aachen
1289,1290,Hildegart-Otto-Platz 4/8,31217,Mallersdorf
1290,1291,Gehringerplatz 1/2,15244,Kusel
1291,1292,Helmar-Langern-Straße 4,81615,Stollberg
1292,1293,Irmingard-Mans-Straße 3/2,55764,Kulmbach
1293,1294,Saskia-Bähr-Ring 51,49078,Großenhain
1294,1295,Aloisia-Lange-Gasse 0,31179,Sankt Goarshausen
1295,1296,Schenkgasse 8/8,77682,Ludwigsburg
1296,1297,Lisa-Wiek-Gasse 16,76949,Lüdenscheid
1297,1298,Junckstr. 0/7,22630,Tirschenreuth
1298,1299,Mühleweg 404,94366,Waldmünchen
1299,1300,Hans-Sorgatz-Ring 81,05268,Miesbach
1300,1301,Timo-Lindau-Gasse 822,55424,Klötze
1301,1302,Reimund-Rohleder-Weg 77,09291,Wittstock
1302,1303,Celal-Jähn-Platz 644,55517,Bergzabern
1303,1304,Kuhlweg 8,29975,Nördlingen
1304,1305,Stahrallee 917,62765,Rastatt
1305,1306,Micha-Kobelt-Gasse 4/6,52814,Mayen
1306,1307,Pieperring 848,31313,Wolfach
1307,1308,Gröttnerallee 0/3,08486,Eilenburg
1308,1309,Boucseinweg 2/9,71160,Schweinfurt
1309,1310,Marius-Bohlander-Platz 65,77214,Erfurt
1310,1311,Curt-Finke-Allee 5,67810,Nabburg
1311,1312,Ottfried-Tlustek-Gasse 9,97483,Seelow
1312,1313,Veli-Dörr-Allee 2/7,91624,Groß-Gerau
1313,1314,Römerring 3/6,17184,Wanzleben
1314,1315,Zlatko-Langern-Platz 5,04824,Uelzen
1315,1316,Hans-Peter-Eckbauer-Allee 0/7,20025,Sömmerda
1316,1317,Kabusallee 1/0,06594,Coburg
1317,1318,Seifertring 9/3,40042,Main-Höchst
1318,1319,Cindy-Trapp-Gasse 490,49925,Amberg
1319,1320,Trüballee 6,70914,Vilsbiburg
1320,1321,Kohlstr. 865,45301,Coburg
1321,1322,Dehmelstr. 73,56894,Northeim
1322,1323,Tino-Tlustek-Platz 925,72812,Wesel
1323,1324,Heinzplatz 857,89053,Melle
1324,1325,Beckergasse 1,65882,Mettmann
1325,1326,Nergerallee 9/5,24993,Meppen
1326,1327,Immo-Schweitzer-Ring 80,35781,Kitzingen
1327,1328,Konstanze-Patberg-Gasse 125,24954,Regensburg
1328,1329,Röhrichtgasse 2/8,92555,Donaueschingen
1329,1330,Milena-Koch-Straße 17,86019,Hammelburg
1330,1331,Krauseallee 079,78006,Pegnitz
1331,1332,Chantal-Fliegner-Allee 2/9,33630,Großenhain
1332,1333,Aziz-Lübs-Ring 1,28539,Kusel
1333,1334,Ortmannstr. 031,39018,Nabburg
1334,1335,Atzlerstraße 8/2,61715,Arnstadt
1335,1336,Herta-Vollbrecht-Allee 1/1,96975,Kronach
1336,1337,Dolores-Barth-Gasse 095,69283,Meiningen
1337,1338,Drewesring 53,21918,Oberviechtach
1338,1339,Ditschlerinstr. 95,78064,Pasewalk
1339,1340,Ana-Gieß-Straße 2,83847,Freudenstadt
1340,1341,Henni-Holsten-Ring 3,26550,Aschaffenburg
1341,1342,Hövelweg 9,34726,Magdeburg
1342,1343,Hornigallee 43,23948,Bad Kissingen
1343,1344,Wirthring 0/1,77010,Neustadtner Waldnaab
1344,1345,Olivia-Schmidt-Allee 63,27509,Nordhausen
1345,1346,Hans-Hermighausen-Gasse 2,51073,Sigmaringen
1346,1347,Liebeltstraße 3/8,21291,Vechta
1347,1348,Sandra-Losekann-Ring 7,14951,Kitzingen
1348,1349,Kensystraße 6/3,49344,Rudolstadt
1349,1350,Karl-Peter-Jungfer-Weg 545,30241,Aschaffenburg
1350,1351,Elisabet-Rust-Platz 916,88549,Neustrelitz
1351,1352,Knut-Heinrich-Ring 664,67381,Genthin
1352,1353,Henning-Hövel-Weg 189,39299,Nürtingen
1353,1354,Hendrik-Haase-Platz 1,38125,Burgdorf
1354,1355,Vinzenz-Börner-Gasse 2/5,79977,Sankt Goar
1355,1356,Sieringring 2/9,75118,Wanzleben
1356,1357,Marie-Luise-Mälzer-Platz 481,62711,Kaiserslautern
1357,1358,Stollstraße 63,76396,Prenzlau
1358,1359,Blochgasse 5,32252,Pößneck
1359,1360,Marta-Eckbauer-Weg 314,95152,Gerolzhofen
1360,1361,Hakan-Mangold-Allee 5/1,94837,Uelzen
1361,1362,Gesine-Kostolzin-Allee 9/0,60705,Cottbus
1362,1363,Wilhelm-Thies-Straße 3,82666,Tuttlingen
1363,1364,Geißlergasse 704,15140,Lüdinghausen
1364,1365,Reginald-Flantz-Platz 623,18980,Karlsruhe
1365,1366,Kösterstr. 060,82236,Bischofswerda
1366,1367,Hermighausenring 351,84646,Karlsruhe
1367,1368,Madeleine-Hering-Weg 1/9,28585,Senftenberg
1368,1369,Ella-Jäkel-Gasse 0/9,58865,Höxter
1369,1370,Dippelring 72,30160,Marienberg
1370,1371,Hans-Heinrich-Rogner-Platz 9,77712,Lobenstein
1371,1372,Hans-Georg-Kroker-Straße 446,95332,Miesbach
1372,1373,Köhlerstr. 124,04167,Grafenau
1373,1374,Scheelweg 37,17404,Apolda
1374,1375,Hans-Peter-Hethur-Straße 8,68451,Calau
1375,1376,Ruppertstraße 73,73578,Pößneck
1376,1377,Bruderweg 6/2,27618,Lüdinghausen
1377,1378,Antonius-Margraf-Allee 39,59256,Tuttlingen
1378,1379,Adolphallee 73,36026,Roding
1379,1380,Rädelstraße 073,38075,Oberviechtach
1380,1381,Anke-Möchlichen-Platz 1,37074,Burgdorf
1381,1382,Benthinring 91,92532,Aachen
1382,1383,Putzstraße 1,08929,Hohenmölsen
1383,1384,Klemtweg 01,95921,Schongau
1384,1385,Melitta-Ruppersberger-Ring 7/5,49783,Jülich
1385,1386,Weinholdstraße 684,94179,Grimmen
1386,1387,Wenke-Eckbauer-Platz 7,25169,Diepholz
1387,1388,Herrmannring 755,15624,Reutlingen
1388,1389,Bachmannweg 31,29156,Saulgau
1389,1390,Geißlerweg 16,24040,Hohenmölsen
1390,1391,Rustring 60,93284,Chemnitz
1391,1392,Balthasar-Mude-Gasse 83,00569,Eckernförde
1392,1393,Klappstraße 5,03972,Mühlhausen
1393,1394,Karl-Ludwig-Jessel-Allee 03,25837,Hainichen
1394,1395,Steystraße 21,21508,Höxter
1395,1396,Raymund-Lange-Straße 794,74496,Illertissen
1396,1397,Hans Georg-Haase-Weg 6,43254,Teterow
1397,1398,Kösterstr. 8/6,73773,Finsterwalde
1398,1399,Sontagstr. 604,64345,Schwarzenberg
1399,1400,Ullmannplatz 13,47821,Eisenberg
1400,1401,Rosmarie-Heser-Weg 3/4,27370,Hammelburg
1401,1402,Sofie-Hecker-Weg 3,69285,Biedenkopf
1402,1403,Jockelstr. 8/4,88398,Ansbach
1403,1404,Klappgasse 251,39348,Neustadtner Waldnaab
1404,1405,Julian-Vollbrecht-Straße 0/6,90016,Freital
1405,1406,Davidsstraße 3,51402,Riesa
1406,1407,Kuhlstraße 451,42163,Hamburg
1407,1408,auch Schlauchinring 93,47086,Norden
1408,1409,Michael-Heser-Gasse 76,23512,Kassel
1409,1410,Pruschkeweg 72,03415,Rastatt
1410,1411,Süßebierplatz 5,52513,Böblingen
1411,1412,Samir-Reising-Gasse 3/4,78121,München
1412,1413,Hubertus-Gotthard-Gasse 44,12352,Rochlitz
1413,1414,Lilly-Langern-Ring 1,83483,Eisenberg
1414,1415,Vollbrechtgasse 07,09318,Altentreptow
1415,1416,Valerie-Losekann-Straße 9,84291,Kusel
1416,1417,Niemeiergasse 41,66590,Altötting
1417,1418,Margrafweg 7,59584,Neustrelitz
1418,1419,Loretta-Herrmann-Platz 0/6,89438,Pinneberg
1419,1420,Herbert-Stumpf-Gasse 7/8,23661,Haldensleben
1420,1421,Patbergweg 5/4,15705,Berchtesgaden
1421,1422,Katarzyna-Reinhardt-Weg 1,46961,Zschopau
1422,1423,Jopichplatz 7/1,03979,Bad Liebenwerda
1423,1424,Finkegasse 4/7,93182,Gunzenhausen
1424,1425,Patbergstraße 849,38328,Diepholz
1425,1426,Carmela-Etzler-Ring 47,70816,Lübben
1426,1427,Jacobgasse 1/2,00056,Düren
1427,1428,Benjamin-Hering-Straße 363,99358,Altötting
1428,1429,Kevin-Reising-Weg 96,63403,Lüneburg
1429,1430,Gaby-Dussen van-Weg 9/3,24733,Gießen
1430,1431,Eberhardt-Misicher-Allee 5/9,19401,Heiligenstadt
1431,1432,Aziz-Grein Groth-Weg 802,79226,Hildburghausen
1432,1433,Gudegasse 42,38195,Beeskow
1433,1434,Norbert-Drubin-Gasse 914,25680,Oranienburg
1434,1435,Ruppersbergerallee 5/2,40900,Fürstenfeldbruck
1435,1436,Victoria-Schmiedt-Weg 38,94097,Eisenach
1436,1437,Magarete-Ruppersberger-Allee 2,48001,Northeim
1437,1438,Weihmannstr. 332,23853,Eilenburg
1438,1439,Huhnstr. 02,98439,Bad Mergentheim
1439,1440,Harriet-Kostolzin-Gasse 1/6,18646,Freudenstadt
1440,1441,Pavel-Lindau-Platz 187,50614,Uelzen
1441,1442,Bernadette-Löwer-Straße 8,24604,Biedenkopf
1442,1443,Ladeckstr. 3,25522,Jena
1443,1444,Ritterstraße 3/7,25071,Kulmbach
1444,1445,Kuhlplatz 63,61788,Dresden
1445,1446,Leszek-Austermühle-Gasse 8/7,08068,Schwerin
1446,1447,Bienweg 9,65710,Mellrichstadt
1447,1448,Milka-Hecker-Gasse 8,13943,Gütersloh
1448,1449,Sibylla-Bonbach-Platz 6,72252,Artern
1449,1450,Heinrichstraße 284,32431,Hansestadttralsund
1450,1451,Heinzgasse 7,05815,Tuttlingen
1451,1452,Burckhard-Schacht-Allee 1,80969,Wittmund
1452,1453,Kreinstraße 4,17775,Wolfenbüttel
1453,1454,Valeska-Rosemann-Gasse 2/6,26149,Ingolstadt
1454,1455,Rädelallee 9,71965,Stade
1455,1456,Plathweg 905,04191,Cuxhaven
1456,1457,Hartmanngasse 8/2,74543,Senftenberg
1457,1458,Wera-Keudel-Allee 0,41154,Regensburg
1458,1459,Grein Grothallee 293,04462,Kehl
1459,1460,Mira-Oderwald-Gasse 2/3,68850,Erding
1460,1461,Bohlanderstr. 287,96440,Kyritz
1461,1462,Rohlederstr. 1/9,55167,Worbis
1462,1463,Hans-Rainer-Schmidt-Ring 289,06489,Borna
1463,1464,Iris-Preiß-Ring 8,39398,Main-Höchst
1464,1465,Stolzering 7,91119,Chemnitz
1465,1466,Beckmannring 6,26803,Kleve
1466,1467,Francesco-Seifert-Straße 4/8,78690,Scheinfeld
1467,1468,Lieselotte-Beier-Platz 5,28208,Cloppenburg
1468,1469,Ernststraße 318,50219,Pößneck
1469,1470,Juan-Kreusel-Allee 88,22119,Eisenhüttenstadt
1470,1471,Ebertweg 922,70894,Tübingen
1471,1472,Melanie-Fliegner-Platz 2,28556,Delitzsch
1472,1473,Donata-Gieß-Ring 6,79719,Donaueschingen
1473,1474,Pohlallee 2,76062,Oberviechtach
1474,1475,Drubinplatz 2,83089,Malchin
1475,1476,Jäkelplatz 760,18030,Eilenburg
1476,1477,Amalie-Seip-Gasse 53,13678,Kemnath
1477,1478,Conradiring 99,23012,Mainburg
1478,1479,Clemens-Trubin-Allee 936,93166,Soltau
1479,1480,Staudegasse 985,96148,Kulmbach
1480,1481,Scheibestraße 70,36748,Jessen
1481,1482,Anselm-Margraf-Weg 1,90868,Wunsiedel
1482,1483,Gusti-Bruder-Platz 38,36492,Sondershausen
1483,1484,Wilmsengasse 37,91959,Forst
1484,1485,Oxana-Weinhold-Platz 32,60719,Neuss
1485,1486,Horst-Günter-Franke-Straße 847,34949,Emmendingen
1486,1487,Ljiljana-Gnatz-Platz 4,84953,Gardelegen
1487,1488,Heidrichplatz 00,67558,Ansbach
1488,1489,Änne-Sorgatz-Allee 15,65742,Eilenburg
1489,1490,Grein Grothgasse 3,72911,Görlitz
1490,1491,Boucseinstraße 4/0,74057,Parchim
1491,1492,Baumring 31,68461,Zschopau
1492,1493,Raphael-Söding-Straße 196,76039,Demmin
1493,1494,Schweitzerallee 6/7,49488,Gerolzhofen
1494,1495,Willibald-Blümel-Gasse 2,14015,Hoyerswerda
1495,1496,Boucseinallee 2/6,31488,Karlsruhe
1496,1497,Irmtraud-Rädel-Platz 19,66857,Zeulenroda
1497,1498,Xenia-Geisel-Ring 5,84374,Plauen
1498,1499,Kevin-Gerlach-Weg 1/3,05874,Scheinfeld
1499,1500,Einsteinufer 17,10587,Greifswald
