id,name,diagnosis,phone
1,Sarah Kreusel,E11,+49(0)2298 81331
2,Ronny Kohl,E11,+49(0) 144074876
3,Prof. Heinz-Peter Ruppersberger,E11,+49(0) 699112940
4,Lilly Geißler,E11,03525914827
5,Prof. Inga Trapp B.A.,E11,(06188) 949633
6,Laszlo Seidel,E11,(08462) 208221
7,Frau Josefine Oderwald B.Sc.,E11,+49(0)0333 751532
8,Paolo Seifert B.A.,E11,(07630) 75706
9,Leonie Wohlgemut-Bohlander,E11,0922027276
10,Stephen Hornich,E11,01777 49417
11,Herr Yusuf Ziegert,E11,08268 11458
12,Hermann Josef Sontag MBA.,E11,05029991428
13,Sabrina Bohlander,E11,(02674) 34374
14,Dominik Löchel-Roht,E11,+49 (0) 1097 311248
15,Lara Döhn B.Eng.,E11,+49(0)2420600067
16,Herr Georg auch Schlauchin MBA.,E11,08594 45821
17,Georgios Döring,E11,(02751) 467885
18,Vassilios Ruppersberger B.Eng.,E11,05672 91962
19,Herr Grzegorz Patberg,E11,04453292970
20,Tino Fischer,E11,+49(0)6749 913142
21,Adeline Hornig,E11,02771 550682
22,Gesine Ackermann-Steinberg,E11,(08292) 364942
23,Kilian Mühle,E11,+49(0) 308644538
24,Friedhelm Thies B.Sc.,E11,0891643066
25,Hubertine Reichmann MBA.,E11,0183707090
26,Univ.Prof. Jens Blümel B.Sc.,E11,+49(0)9214 284188
27,Friedbert Gorlitz,E11,0092596624
28,Herr Mattias Möchlichen,E11,+49(0) 642630943
29,Theodor Ritter,E11,+49(0) 772993874
30,Ing. Gaby Stey,E11,(09339) 377624
31,Zenta Mangold,E11,08871999124
32,Hinrich Hahn,E11,0147984515
33,Stanislaw Butte,E11,+49(0)9852 556670
34,Elif Reising,E11,+49(0)3871 882700
35,Nadeschda Davids,E11,01436 751831
36,Gundula Eigenwillig,E11,00475 04454
37,Dipl.-Ing. Vito Gotthard B.A.,E10,+49(0) 688770494
38,Herwig Löwer MBA.,E11,05829 774016
39,Carlo Pruschke,E11,0256444800
40,Magrit Rogge,E11,+49(0)4122255588
41,Ralf-Peter Mülichen,E11,0593994191
42,Isabell Schmiedt,E11,+49(0) 042651062
43,Andrej Mielcarek,E11,(04029) 64351
44,Jaroslaw Seifert,E11,03000 16787
45,Käte Gehringer,E11,07077 693866
46,Hartmut Zahn,E11,(06404) 91580
47,Adelinde Mende,E11,+49(0)6239 47696
48,Gundi Roskoth,E11,(04887) 58993
49,Timm Henk,E11,01071208744
50,Annegrete Speer,E11,+49 (0) 2409 956482
51,Annedore Seip-Conradi,E11,01218 86579
52,Frau Samira Weimer B.A.,E11,+49 (0) 7304 008513
53,Univ.Prof. Walentina Franke,E11,+49(0)8866 653065
54,Univ.Prof. Aloys Röhrdanz,E10,+49 (0) 3757 639337
55,Arif Naser,E11,(01318) 351705
56,Fabian Loos-Dörr,E11,+49(0)2361364936
57,Nina Kohl B.A.,E11,+49(0)9483 33576
58,Ing. Apostolos Döring,E11,+49(0)2110 805186
59,Univ.Prof. Danuta Renner MBA.,E11,+49(0) 961296724
60,Prof. Gabor Hande B.Sc.,E13,+49(0)8121 100786
61,Siegrun Ullrich MBA.,E10,(04867) 40176
62,Fred Weinhage,E11,+49(0)5427594144
63,Ortrun Martin,E11,07073260643
64,Verena Birnbaum,E11,+49(0)3572954765
65,Slobodan Stolze-Hettner,E11,+49(0)7919 00691
66,Till Kaul B.A.,E11,0852322159
67,Annie Ullmann-Zobel,E11,+49 (0) 3577 326593
68,Dipl.-Ing. Alina Karge B.Sc.,E11,+49(0)4752 147293
69,José Jüttner,E11,07861 72707
70,Dr. Veronica Dowerg B.A.,E11,+49(0)2218 216158
71,Dipl.-Ing. Ferdinand Ruppert,E11,(08156) 66235
72,Carolina Graf,E11,02397 816803
73,Carina Bohnbach,E11,06636475208
74,Ing. Dana Pruschke B.Sc.,E11,05445413073
75,Siegmar Speer-Trüb,E11,(00016) 145558
76,Klaus Süßebier,E11,09054322086
77,Ruthild Salz,E11,06898 22712
78,Bela Beckmann,E11,+49(0)0210 869867
79,Dipl.-Ing. Jelena Hartmann,E11,08092 13364
80,Karl-Otto Trub,E13,03266 96253
81,Ottilie Heydrich,E11,04774953759
82,Ella Jopich,E11,+49(0) 250071736
83,Ursula Kensy-Mude,E11,+49(0)5671 680615
84,Mareen Paffrath,E11,02831 982593
85,Margrit Fritsch,E11,+49(0)9270727141
86,Ing. Mahmoud Neureuther B.A.,E11,+49 (0) 2957 899796
87,Agnes Kade,E11,07823 250926
88,Herr Hermann-Josef Rosenow,E11,02542188957
89,Monica Freudenberger,E10,04175 888899
90,Torben Hendriks,E11,0408696973
91,Horst-Günter Heinz,E11,(05102) 137628
92,Ing. Imke Mohaupt MBA.,E11,00093 73098
93,Claus Oderwald,E11,(00201) 03525
94,Herr Eugen Kühnert,E11,00494 233298
95,Valentine Biggen,E11,+49(0) 075645168
96,Stanislaw Hartung,E11,+49(0) 279117546
97,Axel Jockel B.A.,E11,07267 26734
98,Antonie Vogt,E11,+49(0)5828 653482
99,Hans-Albert Faust,E11,+49(0)0852215040
100,Nadja Hein,E11,0588008500
101,Evangelia Mentzel,E11,+49(0)0182 37366
102,Univ.Prof. Florentine Scholz MBA.,E11,+49(0)8789136453
103,Ian Kühnert,E11,03449 48788
104,Daniele Schinke B.A.,E11,04281989165
105,Ramazan Briemer,E11,+49(0)6976 50574
106,Brigitta Jopich B.A.,E10,09657825152
107,Hilde Börner,E11,(05917) 43418
108,Guenther Bärer B.Sc.,E11,+49(0)4606 972046
109,Ricarda Jacob,E11,+49(0) 796034037
110,Hermine Henschel,E11,+49(0)0873549419
111,Louis Ziegert,E11,+49(0)0989 518687
112,Gerda Mitschke B.Sc.,E10,(00483) 207136
113,Nick Zahn,E13,(05769) 151538
114,Isidor Jopich,E11,(00666) 982593
115,Darius Patberg,E11,06767 32606
116,Rosmarie Schmiedecke,E11,09823514614
117,Hendrik Herrmann B.Eng.,E11,+49(0)9360876590
118,Dr. Margarete Dussen van B.Sc.,E11,(08384) 27743
119,Dipl.-Ing. Isa Keudel,E11,+49(0)9033 74837
120,Maria-Theresia Scholz,E10,+49(0)7203615798
121,Britt Liebelt-Ziegert,E11,09447240249
122,Nikola Gerlach,E11,07999256848
123,Gertraut Wagner,E11,0864442910
124,Darko Schacht,E11,05548732740
125,Willi Albers,E11,+49 (0) 0560 741629
126,Constance Thies,E11,+49(0)8159 71186
127,Wilhelm Birnbaum-Wieloch,E11,02870855912
128,Anna-Marie Eckbauer B.Sc.,E11,+49(0)0055838277
129,Deborah Radisch,E11,05908 74967
130,Dr. Christiana Kabus,E11,+49(0)7088782164
131,Magnus Holt-Anders,E11,0122934824
132,Klothilde Jähn,E11,+49(0)5948 584698
133,Dr. Silvio Trubin,E11,+49(0)1108 84248
134,Dr. Teresa Hofmann B.A.,E11,+49 (0) 5592 712839
135,Danielle Herrmann-Roht,E11,+49(0) 186656296
136,Kenan Haering,E10,06093 90545
137,Dipl.-Ing. Aleksandr Schinke,E11,09081 268356
138,Univ.Prof. Christos Wirth B.Sc.,E10,+49(0)9560 68479
139,Lisette Killer B.Sc.,E11,+49(0) 730503695
140,Hansjörg Trapp,E11,+49 (0) 1006 585624
141,Helen Bonbach,E11,(09556) 419942
142,Irene Hande,E11,(03358) 899466
143,Michelle Pechel,E11,03018 856769
144,Juergen Haering,E11,0509830422
145,Florentine Rogner B.Eng.,E11,+49(0)6979330548
146,Henning Karge-Wagenknecht,E11,+49(0)1098 50833
147,Hermann-Josef Gorlitz B.Sc.,E11,04381 06185
148,Anna-Marie Biggen,E11,+49(0) 240501108
149,Carmela Caspar,E11,+49(0) 349927196
150,Mathilde Eberth,E10,(03694) 383437
151,Prof. Iwona Peukert,E11,(07481) 428942
152,Tina Noack MBA.,E11,(00749) 017870
153,Univ.Prof. Ursula Jockel B.Eng.,E11,(02650) 60019
154,Eckehard Eberhardt-Briemer,E11,02296018002
155,Dipl.-Ing. Hans-Gerhard Weitzel,E11,+49(0)0764 099202
156,Theodoros Ackermann,E11,01864 64011
157,Arndt Loos,E11,+49 (0) 8682 394359
158,Catherine Jäntsch,E11,05906 70327
159,Alexander Bärer,E11,05399 44896
160,Irma Ziegert-Trommler,E11,07885118325
161,Gislinde Etzold-Junck,E11,+49(0)7974 07712
162,Paul-Heinz Reuter,E11,(09726) 94713
163,Hans-Günter Beer B.A.,E11,+49 (0) 6710 055503
164,Ute Gunpf MBA.,E11,(07399) 547960
165,Rupert Vollbrecht,E11,(07591) 04706
166,Univ.Prof. Brit Beier,E11,03093 604346
167,Sigrid Pechel,E11,04327 838140
168,Ing. Irmtraut Naser MBA.,E11,(03337) 22074
169,Karoline Bloch B.Eng.,E11,03693311559
170,Dipl.-Ing. Sinaida Hörle,E13,+49(0)7308382692
171,Elvira Dussen van,E11,+49(0)8349158916
172,Carl Girschner,E11,09398843474
173,Erwin Staude,E11,+49(0)9020 79168
174,Cilly Steinberg B.Sc.,E10,0239061725
175,Margrit Säuberlich,E11,(00907) 468829
176,Heinz-Willi Jockel,E11,(05998) 883415
177,Frau Birthe Otto B.Sc.,E11,+49(0)5723 766693
178,Ing. Philipp Ackermann B.Sc.,E11,+49(0)5608 135348
179,Marzena Riehl,E10,(08517) 41501
180,Arnfried Steinberg,E11,(06064) 762799
181,Isolde Kambs,E11,+49(0)2262163156
182,Mirko Mentzel,E11,+49(0)5487 00581
183,Ing. Liliane Drub,E11,(01022) 434145
184,Wenke Pölitz,E11,+49(0) 711315246
185,Stefano Gotthard,E11,(00112) 50700
186,Gundolf Drub B.Eng.,E10,(01540) 53166
187,Frau Ludmila Hoffmann B.A.,E11,02169309140
188,Roselinde Henk,E11,+49(0)5524 296577
189,Yasemin Naser-Ebert,E11,0407504761
190,Ingrid Gutknecht,E11,00175 85486
191,Dr. Patric Wesack B.Eng.,E11,06469 37713
192,Malgorzata Ladeck,E11,(07065) 452345
193,Nadin Förster,E11,+49 (0) 0490 686504
194,Liesel Pieper,E13,07481270317
195,Fatih Klemm,E11,00939 55972
196,Olga Conradi,E11,+49(0)9592 05548
197,Serpil Staude,E10,+49 (0) 2332 093434
198,Hedwig Ruppert,E13,01158 691999
199,Silja Faust,E11,+49(0)0849 12603
200,Prof. Violetta Kallert,E10,(08897) 184074
201,Philomena Gorlitz,E13,+49(0)3896 97692
202,Cosima Zänker,E11,03118 45648
203,Katharina Hentschel,E11,0720928573
204,Bertram Gehringer,E10,+49(0)7055892071
205,Ing. Alexei Flantz,E11,0387628741
206,Jost Kroker,E11,+49(0)7764422618
207,Hanny Mielcarek,E11,+49(0) 900827540
208,Alexej Kensy MBA.,E10,07227 11849
209,Bernard Weinhold,E11,0643199347
210,Irmingard Mälzer,E10,+49(0)2218747339
211,Delia Scheibe,E11,(04063) 22182
212,Eugenie Berger MBA.,E11,(00534) 16065
213,Univ.Prof. Amir Säuberlich MBA.,E10,+49(0)5769 151554
214,Orhan Schinke B.Sc.,E11,07405916996
215,Hermann-Josef Kobelt,E11,05794 29386
216,Renato Schinke B.Eng.,E13,+49(0) 276345222
217,Bernard Anders-Rosenow,E11,+49(0)1818539638
218,Dr. Isidor Baum,E11,06405 349381
219,Dr. James Gutknecht B.A.,E11,06841 38512
220,Jorge Klapp-Sontag,E11,+49 (0) 6198 672020
221,Heinz Tlustek-Ladeck,E11,0371450131
222,Manuel Hiller B.Sc.,E11,+49(0) 542790122
223,Prof. Ante Herrmann,E11,0099277274
224,Bayram Ackermann-Schwital,E11,+49(0) 791236084
225,Rosina Scholtz B.Eng.,E11,(02334) 36122
226,Viktoria Schmidtke,E11,+49(0)2958 34874
227,Manuel Kallert,E11,(04586) 159632
228,Heide-Marie Haering,E11,+49(0)8978 959122
229,Heinz-Peter Mans-Riehl,E11,+49(0) 913528195
230,Kamil Mies,E11,+49(0)5502 17004
231,Ing. Paulina Jockel B.Sc.,E11,(05120) 697293
232,Frida Scheibe,E10,+49(0)7353640328
233,Caterina Heser,E11,+49 (0) 1094 394455
234,Franz Reising-Faust,E11,(06594) 48965
235,Hans-Gerhard Juncken,E11,0021014234
236,Ulrich Briemer,E11,+49(0)0619 329495
237,Patrizia Schönland,E11,+49(0)5430 48014
238,Ing. Anke Ehlert,E11,(01384) 912575
239,Marlen Trubin-Möchlichen,E11,+49(0)4671 68721
240,Melitta Schuchhardt,E11,(05041) 273430
241,Mirko Juncken B.A.,E11,04316 858726
242,Dr. Janin Flantz,E11,01496 276965
243,Albin Mude,E11,+49(0) 247172979
244,Elisabeth Hofmann,E11,+49(0)9580522920
245,Univ.Prof. Sybille Scheuermann B.Eng.,E10,+49(0)8542 400257
246,Prof. Herta Hermann,E11,(04001) 74063
247,Veit Rudolph-Siering,E10,04072237251
248,Dipl.-Ing. Rigo Klemm,E11,05265 373180
249,Hanne Müller,E11,+49(0) 177328488
250,Klaus-Peter Schuster,E10,(02929) 344058
251,Wolf-Dieter Hein,E11,+49(0) 202290485
252,Arif Junk,E11,0856537542
253,Frau Rita Hoffmann,E11,+49(0)5792038718
254,Kamil Söding,E11,(02675) 11198
255,Muharrem Dobes,E11,+49(0)7214 90892
256,Nikolaus Weihmann,E11,(01041) 512593
257,Jonas Bachmann B.Sc.,E11,0691110226
258,Hans-Adolf Zänker,E11,+49(0)7262 43620
259,Nora Hellwig,E11,0526071135
260,Konstanze Sorgatz-Jockel,E11,(06609) 227611
261,Manuela Gude,E11,(04494) 526490
262,Helene Ritter,E11,+49(0)5539 15685
263,Jenny Börner,E11,+49(0) 213177273
264,Herr Nikolaus Austermühle B.Eng.,E11,02988740687
265,Denise Trubin,E10,0413286722
266,Miguel Patberg-Spieß,E11,(08990) 29071
267,Frau Heidemarie Bender MBA.,E11,(05135) 21796
268,Gerhardt Hermighausen,E11,+49(0)8522691864
269,Waltraud Kobelt,E11,+49(0)5126 742416
270,Sieghard Schmiedt,E11,+49(0)7636482064
271,Pietro Heser,E11,+49 (0) 4596 875879
272,Janos Putz,E11,02526134092
273,Ramon Heidrich B.Sc.,E10,+49(0)2638 29651
274,Miguel Seifert,E11,+49(0) 419483300
275,Ferenc Lange,E10,+49(0) 642492653
276,Jurij Stiffel,E11,(05648) 56363
277,Hakan Seifert B.Eng.,E11,(02748) 835343
278,Gisa Bauer,E11,07959960457
279,Fanny Gutknecht-Wirth,E11,(08164) 87955
280,Danica Budig,E11,+49 (0) 9997 491054
281,Henriette Zirme,E11,0837336847
282,Torben Häring,E11,0381634046
283,Univ.Prof. Dogan Putz B.Eng.,E10,0518685859
284,Hanns Johann,E11,05732 908764
285,Branka Trubin-Käster,E11,+49(0)1139 44580
286,Nils Pechel-Hartung,E11,(04008) 56372
287,Ing. Yasmin Buchholz,E11,+49 (0) 5814 127067
288,Geraldine Benthin-Reising,E11,0505163944
289,Necati Kade MBA.,E11,07070 492743
290,Ing. Ivanka Hentschel MBA.,E11,+49(0)2006 62782
291,Greta Hermann MBA.,E11,+49(0)9790515830
292,Klaus Dieter Margraf,E11,(09541) 833905
293,Tilo Loos,E10,+49(0)4145190916
294,Rose Dippel B.A.,E11,08327 348367
295,Sandra Becker,E11,09271 96689
296,Rabea Römer,E11,06134 14233
297,Nils Kallert,E10,+49(0)4892 87869
298,Univ.Prof. Rudolph Kobelt B.A.,E11,+49(0)9373234674
299,Radmila Schäfer,E11,02496 059221
300,Czeslaw Junk,E11,0015967293
301,Helfried Ehlert,E11,+49 (0) 7074 351003
302,Gerd Hofmann,E11,+49(0) 109034041
303,Dr. Bert Stolze,E10,0287293452
304,Univ.Prof. Faruk Köster,E11,+49(0)2568532892
305,Prof. Bodo Herrmann,E11,+49(0)6633236387
306,Herlinde Gröttner,E11,(05609) 448117
307,Annedore Söding,E11,(07203) 334543
308,Lilija Bolnbach-Lindner,E11,+49(0)6729304931
309,Stephen Nette B.Eng.,E11,01679435518
310,Hans-Jürgen Weihmann B.A.,E13,07512 837552
311,Bertha Bruder-Bachmann,E11,06213862560
312,Maurice Ditschlerin,E11,07929 598102
313,Dipl.-Ing. Donald Mälzer B.A.,E11,08572 893939
314,Mario Spieß,E11,+49(0) 544589007
315,Eleni Kühnert MBA.,E11,+49(0) 003391790
316,Liliane Schmidt,E10,+49(0) 770062198
317,Prof. Hiltrud Henck,E11,01225 973979
318,Dipl.-Ing. Gregor Bauer,E11,+49 (0) 1244 995812
319,Dorothea Cichorius,E11,+49(0) 393406906
320,Verena Stadelmann,E11,+49(0) 175189767
321,Dr. Loretta Schlosser B.Eng.,E11,+49(0)0533 75404
322,Zoran Junken-Beyer,E11,+49(0)7210 13720
323,Prof. Inka Wiek,E11,(08962) 26983
324,Frau Elwira Höfig,E11,(03948) 044531
325,Ing. Helmar Noack B.A.,E11,(01657) 10878
326,Inna Gute,E11,06223679122
327,Paola Klemm,E11,+49(0)2025883436
328,Herr Woldemar Jacob,E11,(02822) 07475
329,Elzbieta Kallert,E11,+49(0)2778 127368
330,Klara Trupp-Eigenwillig,E11,(02131) 475066
331,Laura Warmer,E11,+49(0)7602 58154
332,Niels Henck,E11,07923558474
333,Jochen Renner B.Eng.,E10,+49(0)1875163443
334,Hans-Dietrich Kramer B.A.,E11,02517 51493
335,Margret Dörr,E11,(02705) 66391
336,Prof. Jana Ring B.Sc.,E11,07384947025
337,Ann-Kathrin Kambs B.Sc.,E11,+49(0)5745 24906
338,Dr. Friedericke Gotthard,E11,(00090) 069302
339,Prof. Olivia Gotthard B.Sc.,E11,(04567) 73891
340,Ing. Baptist Hornich,E11,(09953) 09813
341,Michel Losekann-Ruppert,E10,+49 (0) 7271 036650
342,Joachim Klemt,E11,+49(0) 580249201
343,Gottlob Nerger,E11,0580420584
344,Daria van der Dussen-Hänel,E11,+49(0) 989515413
345,Juliana Loos-Stahr,E11,0093469501
346,Cemil Girschner,E10,+49(0)6807 923012
347,Birgit Nerger,E11,(06992) 325064
348,Constantin Staude,E11,+49(0)7565 665323
349,Frau Gertraude Naser,E11,01461 905695
350,Diether Wirth,E11,+49(0)1793248165
351,Univ.Prof. Nelly Henck,E11,03347 121803
352,Univ.Prof. Richard Tlustek,E11,+49 (0) 4048 958686
353,Sabina Ruppert,E11,(07293) 159006
354,Frau Auguste Striebitz B.A.,E10,01746 846974
355,Frau Michaela Jessel,E11,+49(0)0275935404
356,Dipl.-Ing. Jessika Benthin MBA.,E10,06362 221875
357,Univ.Prof. Ljiljana Schacht B.A.,E11,(02606) 458740
358,Rene Sorgatz,E11,(08477) 091836
359,Hedda Wiek,E11,(04219) 18296
360,Dipl.-Ing. Nadia Barkholz B.Sc.,E11,+49(0)9926 719290
361,Manuela Pergande,E11,(01328) 52684
362,Karin Schlosser,E11,+49(0)4148 10102
363,Ottmar Kramer,E10,0878769264
364,Bertha Kusch MBA.,E11,+49(0) 809378138
365,Lia Wagner,E11,(07918) 304480
366,Traudl Mies,E11,(02096) 495102
367,Klothilde Blümel,E11,+49 (0) 7287 546382
368,Hans Dieter Birnbaum B.Sc.,E10,+49(0) 763891083
369,Dr. Urs Renner,E11,(09861) 220331
370,Bastian Trüb,E11,+49(0)1790 17479
371,Hakan Hesse,E10,02005 06278
372,Helen Käster,E11,04355257652
373,Boris Heinz,E11,0463788611
374,Maurizio Hänel,E11,01309358697
375,Erdogan Budig B.Eng.,E11,0995979461
376,Hilma Seip,E11,+49(0)4729432996
377,Elmar Täsche B.Eng.,E11,+49 (0) 2173 525397
378,Miguel Rudolph B.A.,E11,+49(0)9161408012
379,Frau Sofia Römer,E11,+49(0) 220309916
380,Domenico Biggen B.A.,E10,(03272) 20466
381,Malgorzata Drubin,E11,0208800741
382,Dipl.-Ing. Sigrun Budig B.Eng.,E13,+49(0)8172 269178
383,Dr. Gerhild Kraushaar,E11,(09257) 023199
384,Madeleine Rogner,E11,(04234) 02482
385,Ing. Albina Wilms,E11,+49(0)7332 12975
386,Prof. Anne-Rose Holzapfel B.Sc.,E11,01399 46080
387,Markus Ebert,E11,(04852) 939449
388,Freia Jessel,E10,+49 (0) 3019 063411
389,Univ.Prof. Dariusz Hornig B.Eng.,E10,05804 55082
390,Sevim Löffler,E11,+49(0)8721 545387
391,Univ.Prof. Cläre Rörricht,E11,+49(0)7147318684
392,Univ.Prof. Volker Lorch MBA.,E11,+49 (0) 1518 122577
393,Oliver Ziegert,E10,+49 (0) 6430 642318
394,Herr Berend Hendriks,E11,(05012) 80233
395,Caterina Bärer,E11,0550659958
396,Jacqueline Ring,E10,(03468) 35262
397,Dipl.-Ing. Tina Pieper MBA.,E11,08703218542
398,Caterina Berger-van der Dussen,E11,+49(0) 170814929
399,Monique Dowerg-Hesse,E11,08760 090833
400,Johan Pärtzelt,E11,08836369502
401,Carola Salz,E11,(01399) 50703
402,Marian Wirth-Jacobi Jäckel,E11,+49(0)8757 221483
403,Kornelius Oderwald B.Eng.,E11,+49(0) 689924166
404,Mariechen Schuster-Höfig,E11,09023428391
405,Dipl.-Ing. Philippe Rust B.Sc.,E11,(01003) 13329
406,Wulf Bärer,E11,+49(0)9941843562
407,Leokadia Holzapfel,E11,+49(0)2186 30472
408,Silvester Margraf,E11,+49 (0) 8718 109855
409,Dr. Hans Jürgen Roskoth,E11,(04120) 856727
410,Waltraut Ring,E11,(03623) 93495
411,Ludwina Karz B.Eng.,E11,+49(0) 801655632
412,Friedhelm Pölitz,E11,(03739) 140627
413,Monica Siering-Preiß,E11,+49(0)6625 545687
414,Charles Binner,E11,+49(0)9318 28942
415,Liane Eigenwillig-Carsten,E11,+49(0)6194987466
416,Kenan Schleich-Kitzmann,E11,+49(0)5564 581042
417,Jadwiga Steckel-Becker,E11,08603 726574
418,Sabri Mangold,E11,+49(0)5294911307
419,Dieter Hesse,E10,+49(0)3333 36048
420,Frau Karen Geisler B.Sc.,E11,04432 024687
421,Dr. Marlen Klemt B.Sc.,E11,+49(0)5543 02591
422,Oxana Hecker,E10,0250720691
423,Hatice Niemeier,E11,02599819451
424,Irina Carsten B.A.,E11,09168 81722
425,Prof. Ferenc Rädel,E11,05125 83182
426,Frau Mercedes Kroker B.A.,E11,0647514532
427,Giesela Stroh,E10,+49(0)1404 69383
428,Christina Söding,E11,05519 85398
429,Reinhold Drubin,E10,(09342) 65324
430,Hanni Holzapfel,E13,+49(0)3592124048
431,Annika Bolander-Bien,E11,(03552) 85195
432,Rotraud Margraf,E10,+49(0)5386901399
433,Prof. Hans-Josef Etzler,E10,07471 031076
434,Wenzel Riehl-Textor,E11,0582520072
435,Salih Klemm,E11,(03094) 772349
436,Liane Juncken,E11,+49(0)8753 035870
437,Marija Sager B.Eng.,E11,+49(0)1244 364863
438,Zenta Wilmsen,E11,(04737) 158193
439,Frau Olga Reising,E11,+49 (0) 2305 642711
440,Dipl.-Ing. Ingeborg Fischer B.A.,E11,+49(0) 651243369
441,Gesche Salz,E11,0463719573
442,Evamaria Gutknecht,E11,(05071) 989494
443,Univ.Prof. Sieghard Oderwald,E11,+49(0)0865 451915
444,Andy Herrmann-Kroker,E11,+49(0)3449040011
445,Dipl.-Ing. Aurelia Jäkel B.Sc.,E11,(02160) 84705
446,Tibor Kade,E11,+49(0)6572 20252
447,Reinald Jüttner,E11,04094 961571
448,Jeannette Hertrampf,E10,+49(0) 002078921
449,Steven Neuschäfer,E11,+49 (0) 8044 152093
450,Fridolin Sorgatz,E11,0099947717
451,Anne Wiek,E11,0165007687
452,Sükrü Schaaf,E11,+49(0)9594 87826
453,Donald Hörle,E11,+49(0) 126066211
454,Stephan Hamann,E11,+49(0)3134 609558
455,Michael Schmiedecke,E11,(01565) 32289
456,Ismet Heß,E10,(06652) 275854
457,Jörn Adolph-Berger,E11,00398 02661
458,Silke Flantz,E10,06000 995257
459,Kristin Thanel,E11,+49 (0) 9947 185152
460,Ludwina Peukert,E11,(03260) 415338
461,Ahmet Atzler,E11,(07828) 08003
462,Gerda Schomber,E11,+49(0)3382 01035
463,Jessica Rosemann-Kallert,E10,+49(0)3772654495
464,Sarina Mosemann,E11,+49(0)2391561422
465,Winfried Mentzel-Scholl,E11,+49 (0) 3990 410927
466,Jorge Metz,E11,+49(0)4651 23023
467,Senol Trapp B.Sc.,E11,(02039) 95985
468,Tina Franke,E11,+49(0) 110218116
469,Gretl Bachmann,E11,03881 284599
470,Isabella Käster,E11,+49(0) 260731748
471,Damian Möchlichen,E11,+49(0)5652 99620
472,Cora Beckmann,E10,01875 74003
473,Hans-Eberhard Seifert-Hübel,E11,+49 (0) 1660 190182
474,Gregor Kusch,E11,(02584) 46489
475,Curt Döhn-Jacob,E11,05255154079
476,Elwira Pruschke-Jacobi Jäckel,E11,05472 28092
477,Univ.Prof. Nadeshda Davids MBA.,E11,+49(0)5850351579
478,Anita Gehringer,E11,05897 75431
479,Elvira Wieloch,E11,(07414) 810673
480,Kreszentia Eberhardt,E11,06247131809
481,Josefine Weinhold,E11,+49 (0) 9942 750369
482,Mona Schüler,E11,07198 312557
483,Leonard Cichorius,E11,06517 916320
484,Univ.Prof. Kuno Mies B.Eng.,E11,+49(0)9514 933561
485,Benno Heydrich,E11,+49(0)8482 889383
486,Danny Koch II,E11,09030 91482
487,Damian Scholtz B.Eng.,E11,(01113) 34764
488,Arnd Scholz,E11,+49 (0) 0545 664461
489,Adam Schulz MBA.,E11,0883412309
490,Univ.Prof. Mariechen Holsten MBA.,E11,(04468) 409847
491,Dagobert Trommler,E11,+49(0)4391 41396
492,Prof. Siegried Sorgatz,E11,+49(0)7502 004666
493,Sigmar Schmiedecke,E10,00378 11996
494,Abdullah Gorlitz,E11,+49(0)8189 30549
495,Volker Riehl,E10,09929 563269
496,Ing. Theresia Gnatz,E11,+49(0)9453 538336
497,Univ.Prof. Heinz-Otto Krause,E11,09743 985603
498,Galina Hering B.Eng.,E11,+49(0)9836087412
499,Krzysztof Cichorius B.Sc.,E11,+49(0)8818 97835
500,Sandor Stey,E13,+49(0) 682587027
501,Univ.Prof. Dörte Junitz MBA.,E11,0730831759
502,Dr. Abdullah Bruder,E11,+49 (0) 5428 733677
503,Liliana Henk,E11,+49(0) 073632107
504,Ing. Heinz-Günter Tlustek B.A.,E11,0581751812
505,Abraham Salz B.A.,E11,0811738041
506,Mirja Rudolph,E11,03275 067973
507,Joerg Wesack,E10,+49(0)3995 528599
508,Miroslaw Schmidtke,E11,+49(0)4929 70095
509,Univ.Prof. Franjo Köster B.A.,E11,+49(0) 749550664
510,Alwina Zirme,E11,+49(0)1008 026207
511,Lilly Trub-Renner,E11,06356 975020
512,Herrmann Säuberlich,E11,0530060993
513,Dipl.-Ing. Natalie Christoph,E11,+49(0)0976 10874
514,Tobias Heinz,E11,(00735) 353662
515,Marliese Pärtzelt,E11,(06169) 191202
516,Gisa Hänel,E11,09875 145605
517,Ekkehart Heidrich-Heinrich,E11,+49(0)4505276618
518,Agata Ebert,E11,(03487) 20752
519,Herr Hajo Schwital,E11,(02615) 72350
520,Reingard Junitz,E11,01323 199393
521,Joachim Ebert-Rogge,E11,+49(0)4892665897
522,Frau Ann Hübel,E11,05009 707602
523,Songül Holzapfel-Hertrampf,E11,09149 222555
524,Hella Holzapfel,E11,05819 78958
525,Hanno Kramer,E11,00857 738033
526,Ing. Florence Putz B.Sc.,E11,08532 879984
527,Selma Römer-Heser,E11,01216362721
528,Ursel Wesack,E11,02019957227
529,Radmila Stey,E11,00563999229
530,Heinz-Georg Eckbauer,E11,+49(0)2417 34668
531,Dr. Francesca Drubin B.Sc.,E11,08448 860908
532,Maria-Theresia Klemt,E11,06970991405
533,Franziska Sager-Röhricht,E11,+49(0) 337997425
534,Paul-Gerhard Beckmann B.Eng.,E11,(09548) 371717
535,Mandy Junk,E11,+49(0)5557372070
536,William Tlustek-Karz,E11,(05128) 146684
537,Dipl.-Ing. Yvonne Haering MBA.,E11,+49(0)6985479725
538,Ralf-Dieter Trubin B.A.,E11,(03590) 31853
539,Dr. Bertold Neureuther,E10,(05650) 98704
540,Prof. Gottlob Lachmann B.A.,E11,04971385888
541,Ahmet Schmiedt,E11,+49 (0) 1710 935429
542,José Rogner MBA.,E13,(00719) 853640
543,Eleni Loos,E11,+49(0)2557259035
544,Ivan Fliegner,E11,(02781) 30714
545,Wolf-Dietrich Säuberlich,E11,0127895573
546,Bernhardine Döring,E10,08835 094602
547,Franca Rogge,E11,(00136) 86310
548,Gerhard Müller,E11,+49(0) 028024466
549,Alexandre Radisch,E11,05146 31875
550,Waldemar Herrmann MBA.,E11,+49(0)7446 43711
551,Jovan Mühle B.Eng.,E11,07606 835048
552,Univ.Prof. Nevenka van der Dussen B.Eng.,E11,0221804549
553,Galina Stoll,E11,+49(0)7382717052
554,Robin Beyer-Siering,E10,+49(0)3960 576865
555,Frau Inge Zahn,E11,+49(0)6861 50013
556,Hildegard Hamann,E11,08108106208
557,Ernst-Dieter Heinz,E11,(07888) 03810
558,Frau Gesa Sölzer MBA.,E10,03393 05336
559,Stephen Stiebitz-Jacob,E11,09551525067
560,Sepp Förster,E11,00496 032331
561,Dr. Abdullah Davids,E10,+49(0) 940811815
562,Oswin Gunpf B.A.,E11,02945 484421
563,Hans-Jochen Klemt,E11,+49(0) 924353220
564,Donald Weihmann,E10,+49(0)5224 42840
565,Diethard Gude,E11,0238827498
566,Lilian Klemm,E10,+49 (0) 8740 570695
567,Univ.Prof. Heinz Ruppert,E10,0405018504
568,Melita Benthin,E11,+49 (0) 1926 915223
569,Aysel Gorlitz,E11,+49(0)8801 17762
570,Genoveva Rose,E11,+49(0)3469 72451
571,Frau Monika Hauffer B.Eng.,E11,+49(0)4304067900
572,Philomena Lindner B.Sc.,E11,(08325) 75262
573,Uta Mende-van der Dussen,E11,01073 928283
574,Solveig Dippel MBA.,E11,(03597) 260644
575,Danny Süßebier MBA.,E11,+49(0)9020 656466
576,Guido Trubin,E11,+49 (0) 6692 666738
577,Rocco Wagenknecht,E10,02702 44233
578,Ursel Wirth B.Sc.,E10,+49(0) 827304591
579,Christl Klotz-Lehmann,E11,(04221) 96790
580,Alice Loos B.Sc.,E11,+49(0)2777 652308
581,Gülay Junitz B.Sc.,E13,+49 (0) 1582 901935
582,Roland Stumpf,E11,0105317588
583,Mirella Stiebitz,E11,(00227) 240221
584,Yvonne Peukert,E11,+49(0)6894 74986
585,Axel Ernst,E11,03522 030747
586,Prof. Jorge Fritsch B.Sc.,E10,+49(0) 260139318
587,Ryszard Geißler B.Eng.,E10,05978 541374
588,Arif Geisler,E11,09659 95631
589,Elli Wähner,E11,+49(0)9000 97356
590,Dipl.-Ing. Jacqueline Linke,E11,+49 (0) 5228 461445
591,Massimo Schleich-Stumpf,E11,+49(0)0064 815250
592,Darko Weinhage-Heuser,E10,(00593) 15352
593,Ing. Cäcilie Scholz MBA.,E10,(03891) 35196
594,Hülya Binner,E11,02045 10912
595,Regina Ackermann,E11,(05760) 293751
596,Sylvia Ritter,E11,06678 839236
597,Edeltraut Barkholz,E11,+49(0)1590 45184
598,Natali Döring,E11,02900 10437
599,Herr Harri Cichorius,E11,+49 (0) 2608 741850
600,Claudia Segebahn,E11,+49(0)8046 324150
601,Hans-Rudolf Gumprich,E11,+49 (0) 4037 568776
602,Dr. Anneli Bonbach,E10,04839768544
603,Claas Söding,E11,03852465642
604,Ing. Aribert Kühnert MBA.,E11,+49(0)5874 863966
605,Dr. Sven Steinberg B.Eng.,E10,+49(0)0364544365
606,Mirco Ullmann,E11,+49(0)6645 86744
607,Frau Donata Johann B.A.,E11,(03479) 172229
608,Hedda Täsche,E10,04625 66595
609,Sylvie Grein Groth,E11,+49 (0) 0899 044444
610,Dr. Gotthold Mangold,E11,00309 049397
611,Hanns Gutknecht-Schmidt,E11,+49(0) 614684265
612,Tanja Pärtzelt B.Eng.,E11,+49(0) 878155693
613,Milica Dippel-Loos,E11,+49(0) 354853167
614,Theres Döhn,E10,+49(0) 986683501
615,Univ.Prof. Ina Schmiedecke,E11,0617426312
616,Dr. Delia Stolze B.A.,E10,07773 60182
617,Anett Sager B.A.,E11,+49 (0) 8042 998371
618,Niklas Otto,E10,04465753576
619,Centa Bien-Hellwig,E11,(09649) 521276
620,Ahmad Löchel,E10,+49(0)2026 328060
621,Erich Jacobi Jäckel,E11,+49(0)4938 53686
622,Waltrud Wesack,E11,+49(0)7611 988696
623,Prof. Gregor Losekann,E11,(09221) 63648
624,Hans Peter Buchholz,E10,+49(0)7262 52170
625,Randolf Cichorius,E11,0144743727
626,Peer Jacob,E11,02218851919
627,Hardy Davids,E11,+49(0)4900525000
628,Konstanze Jähn B.Sc.,E11,+49(0)7776 228977
629,Susi Wirth B.Sc.,E11,+49(0) 447838091
630,Irmgard Bloch B.Eng.,E11,02767 88155
631,Dr. Mirjana Pruschke,E11,09625115047
632,Herr Antonius Barth B.Sc.,E13,09381 452820
633,Luzie Walter,E11,+49(0)6302 05367
634,Emanuel Lange-Etzold,E11,06827321099
635,Adina Löffler B.A.,E11,+49(0)6778 02966
636,Nikolai Kranz,E11,04915 97171
637,Herr Hartwig Möchlichen B.Sc.,E11,+49 (0) 0952 982008
638,Elwira Juncken,E11,+49(0)3363 760131
639,Ariane Reuter,E11,+49(0)1906680348
640,Olaf Losekann,E11,01652 687383
641,Prof. Wiebke Möchlichen B.A.,E11,09021 45426
642,Loni Hethur B.A.,E11,0244085081
643,Margita Drewes,E11,03011234999
644,Alexei Eigenwillig-Weller,E11,+49(0)4755 31454
645,Hans-Walter Seifert,E11,00089537744
646,Karsten Löchel,E11,+49(0)5705 300555
647,Augusta Hendriks,E11,04524922155
648,Dr. Heino Kreusel,E10,+49(0)6827 412556
649,Desiree Stoll MBA.,E11,+49(0)7016 57273
650,Waldemar Margraf,E11,+49(0)6450546652
651,Marit Schlosser-Heidrich,E13,(06887) 90260
652,Nina Pieper,E11,08697 337673
653,Herr Mirko Geisler MBA.,E11,05316432639
654,Aloys Etzold-Carsten,E11,+49 (0) 5189 060376
655,Remo Schleich,E11,00431 52604
656,Arnd Weihmann,E11,+49 (0) 6239 483988
657,Dr. Sabrina Etzler B.Sc.,E11,0164812781
658,Marc Oestrovsky,E11,+49(0)7440094040
659,Helfried Ruppersberger,E10,0612347192
660,Abbas Häring,E11,+49 (0) 7179 919593
661,Ing. Adam Heintze B.A.,E11,(08258) 658463
662,Dipl.-Ing. Gisa Siering B.Sc.,E11,0552571528
663,Romuald Heß,E11,+49(0)0622 63173
664,Monique Schmiedecke,E11,0875079369
665,Marlis Fritsch,E11,+49(0) 465480729
666,Hans D. Steinberg,E11,+49(0) 941935841
667,Dr. Gundolf Killer B.Sc.,E11,(06062) 159084
668,Stefani Berger,E11,0975061914
669,Dr. Sigurd Rust B.Sc.,E11,0394642477
670,Kenan Seifert,E11,06820 556708
671,Urs Gorlitz,E11,09558 01421
672,Gero Klingelhöfer-Schaaf,E11,0426467332
673,Paul Liebelt B.Sc.,E11,+49(0)1097097141
674,Bianca Jähn,E11,+49(0) 709647362
675,Daria Rust-Trubin,E11,08372 91144
676,Heiderose Mälzer,E11,+49(0) 406844656
677,Univ.Prof. Claas Segebahn,E11,0273656217
678,Tibor Säuberlich,E11,0571706759
679,Sybilla Holzapfel,E11,08091 19075
680,Tomasz Heydrich,E11,+49 (0) 3279 440176
681,Herr Freddy Pölitz B.Eng.,E11,+49 (0) 7011 108651
682,Wolf-Dietrich Barth MBA.,E11,+49(0)3116494272
683,Prof. John Vogt,E11,0853361129
684,Dr. Inka Pölitz,E11,+49(0)1642 37281
685,Kazim Drubin,E11,+49(0)6005953357
686,Dipl.-Ing. Jovan Schacht B.Sc.,E11,(02244) 443622
687,Ing. Alfredo Klotz,E11,(05901) 458378
688,Dr. Heinz-Joachim Fiebig B.Sc.,E11,04162 56938
689,Amir Beckmann,E10,06190196827
690,Prof. Gloria Bruder,E11,+49(0)6723 55251
691,Stefano Beyer,E11,00788 929422
692,Prof. Dunja Trubin,E11,02643 615474
693,Jann Liebelt B.A.,E11,01169 347879
694,Volkhard Täsche,E11,+49(0)6134 60623
695,Georgia Sager,E10,+49(0)6401 049846
696,Herr Toni Hauffer MBA.,E11,05507 331921
697,Cosima Drewes-Renner,E11,+49(0)2939191943
698,Mehmet Dörschner B.Sc.,E11,07899 544559
699,Andrew Plath,E11,+49(0)6550809214
700,Anna-Luise Pechel,E11,+49(0)3943 93029
701,Vera Mude,E11,+49 (0) 6127 546549
702,Karin Klotz,E11,03586 33718
703,Henrik Haering,E11,(02197) 380924
704,Elma Kroker B.Eng.,E11,+49(0)8501810275
705,Gunhild Geisel,E11,(06395) 640755
706,Romana Zahn B.A.,E11,07504 675454
707,Dr. Jeannette Pechel B.A.,E11,01269 66839
708,Dipl.-Ing. Maurice Schmiedt MBA.,E11,+49(0) 598336034
709,Vladimir Schleich,E13,03883 556007
710,Nuran Loos-Scholz,E10,09166597022
711,Mathilde Ebert,E11,+49 (0) 6890 554119
712,Ulrike Haering,E11,+49(0)4089 661914
713,Wojciech Siering,E11,(05157) 63862
714,Agatha Hahn,E11,0264440630
715,Sabrina Hauffer,E11,0266313047
716,Gisa Bender,E11,+49(0) 192850940
717,Beate Kusch,E11,+49(0)4023 533513
718,Michaele Gröttner,E10,(09042) 26198
719,William Striebitz-Fechner,E11,0603328566
720,Utz Gierschner B.A.,E11,+49(0)4108 654061
721,Hermine Kühnert,E11,04048 186475
722,Dr. Silke Stiffel MBA.,E11,+49(0)2140 546970
723,Prof. Centa Schmiedecke B.Sc.,E11,+49(0)0741 19899
724,Anneli Wulff,E11,+49(0) 866680027
725,Prof. Nadia Seip,E10,+49 (0) 7251 634235
726,Dipl.-Ing. Sara Drub B.A.,E11,06780279824
727,Gerold Hornig,E11,+49 (0) 7624 300643
728,Reinhold Albers,E10,07627839710
729,Patric Rust,E11,(06202) 930830
730,Norma Kuhl,E11,06076 083235
731,Melanie Gröttner MBA.,E11,+49(0)7450 820588
732,Dr. Rudolph Hartmann,E11,00191 50065
733,Antonio Schottin B.A.,E11,+49(0) 560375257
734,Dusan Rust,E11,05725 995872
735,Fatma Fritsch-Matthäi,E11,07830 060273
736,Hannchen Gude B.Eng.,E11,07025555778
737,Paola Vogt,E11,+49(0) 008987611
738,Prof. Wally Heuser,E11,+49(0) 434155562
739,Kay-Uwe Benthin,E11,(05219) 434234
740,Volker Baum,E11,(03013) 60979
741,Ekkehart Hiller-Peukert,E11,(01391) 808386
742,Dr. Hans-Ulrich Fliegner,E10,03626 37879
743,Lotti Finke B.A.,E11,(00128) 86439
744,Ralf-Peter Gude,E11,05746 54068
745,Uli Walter,E11,+49(0) 318962206
746,Gabriella Ladeck,E11,+49 (0) 0491 553103
747,Jan-Peter Krebs B.A.,E11,+49 (0) 5744 202698
748,Ljubica Speer,E11,0231699512
749,Univ.Prof. Nikolaj Naser B.Sc.,E11,(02538) 49985
750,Dorothee Nohlmans,E11,+49 (0) 0573 219863
751,Wolf-Dieter Meister B.Eng.,E11,+49 (0) 9846 171325
752,Dipl.-Ing. Mirjana Bauer,E11,01467373052
753,Egon Niemeier,E10,+49(0)1903 285123
754,Michail Ullrich-Franke,E11,+49(0)4497608316
755,Dipl.-Ing. Ignatz Wiek,E11,08334 620470
756,Dogan Käster-Ruppert,E11,0276008093
757,Dipl.-Ing. Dariusz Christoph MBA.,E11,+49(0)5446 458557
758,Hannelore Herrmann,E11,05578 917730
759,Dipl.-Ing. Stefania Stroh B.Eng.,E11,(01576) 565105
760,Prof. Roselinde Gerlach MBA.,E11,+49(0)4234552180
761,Vitali Benthin,E11,+49(0)8358 06916
762,Dipl.-Ing. Micha Putz,E11,+49 (0) 7822 321334
763,Mary Eberhardt,E11,00910 74192
764,Dr. Viktor Stey,E11,+49(0)7501623887
765,Hermann Gertz,E11,(08756) 16690
766,Kuno Mälzer,E11,05586294409
767,Jenny Fiebig,E10,04525 020006
768,Wendelin Margraf,E11,+49 (0) 0707 026328
769,Birthe Mitschke,E11,0657724088
770,Leo Junken-Atzler,E11,+49(0)3623 325566
771,Sabrina Ruppersberger-Meister,E11,0260222138
772,Elizabeth Rogner-Sorgatz,E11,+49(0)9430 261681
773,Univ.Prof. Gloria Bolnbach,E11,06541895948
774,Hellmut Zimmer B.Sc.,E11,+49(0)8209 77790
775,Aline Süßebier,E10,06653003726
776,Istvan Junck,E11,+49(0)9308 28631
777,Moritz Löwer B.Sc.,E11,(08566) 57459
778,Dr. Ali Rogge,E11,+49(0)1781 518493
779,Siglinde Etzold B.Eng.,E11,(07693) 15281
780,Urs Söding,E11,+49(0)8915042071
781,Ottilie Mentzel B.Sc.,E11,+49(0)0306 029501
782,Frau Ljudmila Karz B.A.,E11,(07028) 07558
783,Anna-Maria Weller,E11,09057552803
784,Ing. Zenta Juncken,E11,+49(0)1413 653497
785,Harm Bohlander B.Eng.,E11,+49(0) 268312024
786,Reinald Peukert,E11,+49(0) 124879958
787,Elli Hentschel,E11,(04579) 55618
788,Burkhardt Reinhardt MBA.,E11,(01544) 16006
789,Gretl Mende B.Eng.,E11,01920415122
790,Abdullah Schwital,E11,+49(0)1494706337
791,Herr Kurt Freudenberger MBA.,E11,+49(0)1993 353617
792,Mercedes Loos,E11,+49 (0) 4651 064127
793,Elise Junck,E11,+49(0)2812 028443
794,Harro Tschentscher,E11,04556 41922
795,Karl-Ernst Dietz,E11,+49(0)7465 716101
796,Siegmund Siering,E11,0333771746
797,Thekla Hentschel,E11,06639 29949
798,Tatiana Martin,E11,+49(0) 355732331
799,Annie Heidrich-Mülichen,E11,+49(0)4308494627
800,Winfried Niemeier,E11,+49(0)1013 414903
801,Bernward Klemm,E11,+49(0)3880 158723
802,Kristiane Steinberg,E10,04896 92775
803,Mariusz Scholtz B.A.,E11,(06777) 343798
804,Sergio Weiß,E11,+49(0)6433 72309
805,Eckhardt Niemeier,E11,(09058) 415911
806,Univ.Prof. Lilian Hande B.A.,E11,+49 (0) 1555 328738
807,Magnus Rohleder,E11,+49(0) 214360040
808,Marie-Luise Kranz,E11,0874060408
809,Dipl.-Ing. Lukas Nerger,E10,02262 499345
810,Ilona Hiller-Budig,E11,+49(0) 008755592
811,Marina Dippel,E11,(04671) 357928
812,Univ.Prof. Anika Junitz MBA.,E11,0233444457
813,Lucia Lorch-Freudenberger,E11,0565119808
814,Otmar Meister,E11,0235684170
815,Gloria Söding-Nerger,E11,(09764) 172961
816,Kilian Krause,E11,+49(0)0323495526
817,Jörn Lindner,E11,+49 (0) 7886 589069
818,Dipl.-Ing. Lydia Bachmann,E11,02096 811890
819,Theresia Häring,E11,09979729967
820,Suzanne Hermann,E11,0018144325
821,Liesbeth Wende-Kuhl,E11,0199330204
822,Dipl.-Ing. Brigitta Zirme B.Sc.,E11,+49(0)4430 02620
823,Bettina Weinhage-Wirth,E11,09224095792
824,Natalia Möchlichen B.Sc.,E11,04464 48846
825,Tillmann Eckbauer-Schmidtke,E11,01822 31682
826,Rainer Gertz,E11,+49(0)7349 66314
827,Malgorzata Vollbrecht,E11,01193 357559
828,Grit Oderwald,E11,09330 70804
829,Univ.Prof. Grzegorz Kabus,E11,(03756) 60454
830,Genoveva Beer-Schuster,E11,+49(0) 718355675
831,Gert Heuser,E11,05029 646850
832,Univ.Prof. Burghard Lachmann,E10,(01433) 10896
833,Erhard Neuschäfer,E11,05050039409
834,Oda Pohl,E11,+49(0)9181 44665
835,Christoph Oestrovsky,E10,08194 817781
836,Prof. Mirco Ernst B.Eng.,E11,+49 (0) 4369 738718
837,Josefa Dussen van,E11,(00874) 927509
838,Ing. Veit Hartmann B.Eng.,E10,(02535) 612835
839,Dipl.-Ing. Jovan Mans,E11,06881828279
840,Dr. Hans-Albert Köster,E11,+49(0) 582036820
841,Aenne Weinhage-Barth,E11,02065579124
842,Olena Ullrich,E11,+49(0)0447705021
843,Hans-Theo Röhrdanz,E10,+49(0)7076987865
844,Alban Schmiedt-Junck,E11,+49(0)9545 756277
845,Ing. Corinne Schlosser B.Eng.,E11,+49 (0) 6723 824097
846,Prof. Käthe Otto B.A.,E11,+49(0)1348748186
847,Herwig Stahr,E11,(05631) 432878
848,Sarina Dörr,E13,(04789) 87780
849,Grzegorz Becker,E11,08645 546756
850,Anthony Kade B.Eng.,E11,+49(0)1080 03279
851,Prof. Michaela Etzold,E11,+49(0)7821 383328
852,Ing. Claus-Peter Bohnbach MBA.,E11,+49(0)8053079129
853,Franz Fischer-Pärtzelt,E11,+49(0)4475 344216
854,Prof. Abdullah Geisler,E11,+49(0)7705 32754
855,Ing. Henryk Bloch,E11,(01426) 16643
856,Ladislaus Hecker,E11,+49(0)6016 827629
857,Dana Vogt-Hofmann,E11,+49(0) 665491995
858,Frau Simone Ruppert,E11,+49(0) 311292499
859,Univ.Prof. Renata Putz,E11,+49(0)9611679449
860,Univ.Prof. Lotti Beer,E11,0423311571
861,Vadim Trub,E10,+49(0)5910156120
862,Silja Wirth,E11,+49(0)2013340318
863,Sylke Hettner-Rogge,E11,04486917349
864,Ing. Antonio Hamann,E11,+49(0) 632043797
865,Zenon Textor-Gieß,E11,(03003) 54404
866,Trude Oestrovsky B.A.,E11,+49(0)2040 48876
867,Dr. Hermann Josef Stey B.Sc.,E11,+49(0)6353 491825
868,Melissa Putz,E11,+49 (0) 6184 738030
869,Tassilo Margraf MBA.,E11,0970863592
870,Ing. Janina Bolander B.A.,E11,+49(0) 219947554
871,Martha Heintze B.Sc.,E11,+49 (0) 9223 257193
872,Kordula Zahn,E11,06309537609
873,Ralf-Dieter Röhricht MBA.,E11,+49(0)7042 74687
874,Dr. Angelina Heinz B.Sc.,E11,(08164) 65755
875,Danilo Linke MBA.,E11,05829 555194
876,Dipl.-Ing. Josip Hentschel,E11,+49 (0) 2227 439975
877,Cecilia Conradi,E11,+49(0) 332505093
878,Gunnar Döring,E11,+49(0)4025 78226
879,Gert Hettner,E11,(07839) 86884
880,Karl Schottin,E11,+49(0)4493751253
881,Simone Hamann,E10,(07734) 448880
882,Torben Löffler MBA.,E11,+49(0) 813156395
883,Edelgard Mans B.Eng.,E11,+49(0)2820 261890
884,Walli Schuster,E11,(00760) 281535
885,Corinna Dowerg,E11,07992 804043
886,Thekla Reinhardt B.Sc.,E11,+49 (0) 0091 385938
887,Gerolf Fritsch,E11,05883 83448
888,Ilja Hölzenbecher,E11,+49(0) 580639333
889,Gerald Ruppert MBA.,E11,+49 (0) 3092 306657
890,Univ.Prof. Marlen Wulf,E11,0211870243
891,Augustin Junck,E11,+49 (0) 8261 187219
892,Margaretha Schwital,E10,+49 (0) 0348 141080
893,Klaus-D. Hänel,E11,(02815) 42107
894,Ing. Zbigniew Kitzmann,E11,(03692) 785922
895,Martina Holt,E10,(04790) 377702
896,Hans-Adolf Drewes,E11,0114960830
897,Ing. Egbert Förster,E11,+49 (0) 4340 426932
898,Dipl.-Ing. Necati Nette,E11,+49(0)5257 750965
899,Lili Staude,E11,+49 (0) 8900 540038
900,Gerhild Seifert,E11,(01245) 58786
901,Hilda Klingelhöfer,E11,06893 768868
902,Heinrich Schmiedecke,E11,07838 57787
903,Dipl.-Ing. Hans-Joachim Seifert B.Eng.,E11,+49(0) 118539502
904,Marita Finke,E11,+49(0) 184613980
905,Herr Volker Klapp,E11,(00684) 47727
906,Prof. Cäcilia Roht,E11,0882042397
907,Thea Mitschke-Nerger,E11,07807 13847
908,Dipl.-Ing. Ljudmila Sontag B.A.,E11,+49(0) 120857699
909,Reinhart Bohlander B.Sc.,E11,+49 (0) 1793 129481
910,Karl Dippel,E11,+49(0)6218 326993
911,Ing. Ronny Jopich B.Eng.,E11,0759017707
912,Dorit Siering,E11,06671 81305
913,Prof. Gotthard Bloch,E11,+49(0) 001799737
914,Betti Kostolzin B.Sc.,E10,02491 134929
915,Rebekka Schulz B.Eng.,E11,+49 (0) 0140 539857
916,Doris Gotthard,E11,(07932) 916502
917,Henning Stroh,E11,00913 393765
918,Christel Mies,E11,(04847) 108768
919,Heidrun Mies,E11,09171761004
920,Geert Koch II-Ditschlerin,E11,06018880456
921,Aneta Fröhlich,E11,(09364) 926504
922,Natalija Löchel-Vollbrecht,E11,06926 26478
923,Dennis Dobes,E11,08180041538
924,Marlis Wesack,E11,+49(0)2449 07813
925,Adrian Wieloch,E11,03210 929610
926,Sybille Hermann,E11,+49 (0) 4092 841884
927,Heide Geißler-Löwer,E11,+49(0)9058660302
928,Yvonne Lange,E11,08164 20785
929,Ing. Wolf-Rüdiger Bachmann,E11,(01842) 756149
930,Ann-Kathrin Kallert,E11,+49(0)2478 553300
931,Ing. Nadia Stolze,E11,0976918257
932,Lena Meyer-Börner,E10,07387 04087
933,Dipl.-Ing. Minna Weihmann B.Sc.,E11,02111 12151
934,Prof. Lorenz Steckel B.Sc.,E11,0667252642
935,Prof. Meinrad Berger B.A.,E11,(05127) 96165
936,Carmela Mielcarek,E11,00201 10638
937,Margot Reichmann,E11,07871 201728
938,Dipl.-Ing. Joana Lindner B.A.,E11,02994 18318
939,Imelda Vollbrecht,E11,03354 813383
940,Irmela Etzold,E11,04110853128
941,Ernest Anders,E11,0087010395
942,Leopold Blümel B.Sc.,E11,+49(0)5432 02954
943,Alla Johann,E11,+49(0)9361 57651
944,Ekrem Heinrich,E11,0765741055
945,Marion Wieloch,E11,0259425065
946,Ladislaus Klemt-Roht,E11,04972 22161
947,Ottomar Täsche,E11,+49 (0) 4496 828246
948,Wilma Zahn-Pieper,E10,+49 (0) 9616 807119
949,Sandor Flantz-Striebitz,E11,+49(0)7321 822901
950,Mirja Wagner,E11,(03372) 04375
951,Ing. Silja Meister,E11,06048773387
952,Univ.Prof. Klaus-Jürgen Schlosser,E11,+49(0)0216748425
953,Klaus-Günter Eberth-Scheel,E11,09517 528257
954,Beatrice Hermighausen,E11,+49(0) 648306967
955,Wladimir Kusch B.Eng.,E11,(06205) 37983
956,Denis Schleich-Jungfer,E11,+49 (0) 3679 009046
957,Dorle Löchel MBA.,E11,+49(0)1568400502
958,Lutz Kensy,E11,08758523256
959,Univ.Prof. Theodoros Lehmann,E10,0915903063
960,Dr. Karl Röhrdanz,E11,0454532679
961,Ljudmila Hartmann,E11,+49(0)5134 691048
962,Imre Dehmel,E11,02674 526814
963,Prof. Heinz-Josef Hesse B.Sc.,E11,(05821) 715636
964,Dipl.-Ing. Antonino Rosemann MBA.,E11,06366 46753
965,Loni Stadelmann B.A.,E11,(01463) 80537
966,Ellinor Jäntsch,E11,08117 24712
967,Ing. Anne Ehlert MBA.,E10,(03545) 526228
968,Dipl.-Ing. Pascale Scholtz,E11,+49(0)8224 24518
969,Slavko Hübel-Ernst,E11,+49(0)1485 12465
970,Dipl.-Ing. Lissy Sorgatz,E11,+49 (0) 7370 305745
971,Heinrich Bolander,E11,+49(0)1533 180943
972,Prof. Maren Heintze,E11,+49(0)0165 17925
973,Katarina Scholtz MBA.,E11,(07450) 734377
974,Herr Reginald Schleich B.Eng.,E10,+49(0)3914 40829
975,Emma Franke-Hecker,E11,+49 (0) 9093 032424
976,Jozef Dörr,E10,(09960) 114550
977,Arnfried Zahn MBA.,E11,(08147) 72790
978,Herr Denny Mosemann,E11,07279584711
979,Carmen Graf B.Sc.,E11,+49 (0) 3732 004510
980,Julie Hermann,E10,06449 474187
981,Ing. Matthias Hecker MBA.,E11,+49(0)5420 06700
982,Lore Bolzmann,E11,+49 (0) 7972 666792
983,Oliver Dussen van,E11,+49(0)4245 084347
984,Damaris Eimer,E11,+49(0) 644666286
985,Hüseyin Klotz-Weiß,E11,01065 069871
986,Dr. Sylvester Löchel B.Sc.,E11,01393 43662
987,Prof. Valentin Lindau B.Sc.,E11,(06938) 79091
988,Ing. Marica Hartung,E11,+49(0)5271144358
989,Marlis Hecker,E11,09616496960
990,Hans-H. Berger,E11,+49(0)0969238419
991,Henriette Junck,E11,+49(0) 509605447
992,Rosmarie Faust,E11,+49(0)8945 04812
993,Dr. Edelbert Bruder,E11,(02647) 459684
994,Timo Liebelt MBA.,E11,+49(0)3130434704
995,Ing. Marlen Hartmann,E10,+49(0)9938 14242
996,Magarete Adolph-Trommler,E11,0574404240
997,Dipl.-Ing. Mara Gnatz,E11,09304 75332
998,Emilia Buchholz,E10,0266178336
999,Gerhardt Nerger,E11,+49(0)3317211207
1000,German Ortmann,E11,0939688959
1001,Hansjoachim Kostolzin,E11,0360635280
1002,Herr Anatolij Röhrdanz,E11,06092669775
1003,Irmingard Klotz,E11,04248900798
1004,Ljudmila Rust-Scheel,E11,0561789469
1005,Madlen Hofmann B.Sc.,E11,(00326) 72164
1006,Susan Junitz,E11,+49 (0) 9438 225806
1007,Stilla Kühnert,E11,(04279) 266125
1008,Sibel Warmer B.Eng.,E11,+49(0)9873555660
1009,Dipl.-Ing. Roy Oderwald B.Sc.,E11,07858 620921
1010,Dipl.-Ing. Evelin Gieß B.Sc.,E11,+49(0) 294697612
1011,Rebekka Adolph B.A.,E11,+49(0)2444 57950
1012,Bernhardine Plath,E11,(02285) 37673
1013,Marietta Kranz-Trommler,E11,0353876928
1014,Jerzy Fliegner,E11,+49(0)7589261215
1015,Wilfried Mies,E11,+49(0)5849 08747
1016,Carla Wernecke,E11,(03997) 18387
1017,Hendrik Flantz B.Eng.,E11,+49(0)5814 500785
1018,Birgid Bauer,E10,05279 62910
1019,Prof. Hans-Otto Beckmann,E11,01214338986
1020,Emil Tröst B.Sc.,E10,+49(0)5887425363
1021,Desiree Rohleder,E11,(07850) 45949
1022,Frank-Peter Christoph-Hendriks,E11,(07699) 616112
1023,Ariane Bender,E11,0374975416
1024,Friedemann Kruschwitz B.A.,E11,03748783938
1025,Leni Wagenknecht,E11,(01421) 518474
1026,Frau Jaqueline Bähr B.A.,E11,+49(0)4161 477943
1027,Prof. Sylvana Bolander MBA.,E11,09151779625
1028,Prof. Therese Drubin B.Sc.,E11,+49(0) 926321192
1029,Milos Hölzenbecher-Eimer,E11,00871010518
1030,Univ.Prof. Remo Matthäi MBA.,E11,+49 (0) 9836 600172
1031,Alexander Preiß B.A.,E11,02186268120
1032,David Gnatz,E11,+49 (0) 2384 245219
1033,Pasquale Kühnert,E11,+49(0)7434 729770
1034,Xenia Scholz,E11,+49(0)1767 135877
1035,Franjo Reichmann,E11,02122 119058
1036,Ing. Dietlind Hofmann,E11,+49(0)9213 54191
1037,Antonino Säuberlich,E10,06847132983
1038,Sepp Bender,E11,+49(0)8463397689
1039,Hans-Willi Höfig,E11,0372503438
1040,Silke Fiebig B.Eng.,E11,00617230378
1041,Gereon Dussen van,E11,+49 (0) 3974 352976
1042,Prof. Judith Carsten,E11,(05297) 493052
1043,Hardy Patberg,E11,(04862) 230565
1044,Dr. Agata Scholz,E11,04753 005845
1045,Dipl.-Ing. Heiner Koch,E11,+49(0) 155194286
1046,Walentina Schwital,E11,02627 665998
1047,Univ.Prof. Moritz Bohlander B.Sc.,E11,(07002) 14607
1048,Cathrin Klotz B.Sc.,E11,06721 38616
1049,Mariola Fechner,E11,+49(0)2657 86122
1050,Imre Bolzmann,E11,06054689119
1051,Univ.Prof. Anke Kambs B.Eng.,E10,+49(0)1251 08593
1052,Herr Rudi Adolph B.Sc.,E11,03339700066
1053,Kuno Stumpf,E11,+49(0) 660116575
1054,Zehra Martin,E10,+49 (0) 5892 808648
1055,Almut Beckmann-Warmer,E11,(03767) 337643
1056,Catherine Trapp,E11,06422992295
1057,Florian Hahn,E10,+49(0)2189 73252
1058,Frederik Holt,E11,05984 99821
1059,Hans-Erich Hentschel-Birnbaum,E11,+49(0) 306021041
1060,Willi Putz-Trub,E10,+49(0)3899 65192
1061,Dolores Heydrich-Lindner,E11,+49(0) 153823302
1062,Micha Bruder,E11,04256 99190
1063,Gertrude Grein Groth,E10,+49(0)4485 190258
1064,Anselm Rudolph,E11,05033 36428
1065,Karl-August Hein,E11,06309 336421
1066,Prof. Eugenie Hande B.A.,E11,+49(0)2416 51644
1067,Matteo Haase,E11,+49(0) 882829009
1068,Herr Lutz Hellwig B.Sc.,E11,+49(0)1334 34325
1069,Abram Stroh,E11,(07638) 30478
1070,Frau Elenore Stroh,E11,06365395721
1071,Herr Hartwig Boucsein,E11,+49(0) 139419543
1072,Milka Wohlgemut,E11,+49(0)7291 20114
1073,Justina Hahn B.Eng.,E11,+49(0)6010 21492
1074,Donald Bähr,E11,+49(0)0049 00952
1075,Dr. Hildegard Jungfer B.A.,E11,+49(0)8252300466
1076,Liliane Davids-Döhn,E11,0521003777
1077,Auguste Cichorius,E11,+49 (0) 6018 885714
1078,Marisa Hornich,E11,04999 182454
1079,Johan Scheuermann,E11,+49(0)6092 72462
1080,Amir Peukert-Kusch,E10,00115982015
1081,Sylvana Roht,E11,(06724) 864403
1082,Anna Margraf-Hermann,E11,+49(0)2533551518
1083,Dr. Notburga Junken B.Eng.,E10,05846 822397
1084,Mohammed Rohleder,E11,05478263335
1085,Marga Ring MBA.,E13,0851205224
1086,Gabriella Bruder,E11,0915808020
1087,Wolf-Rüdiger Gude,E11,(01507) 50832
1088,Sabrina Vogt B.A.,E11,+49 (0) 8246 709409
1089,Annelore Drewes,E11,(02558) 697782
1090,Knud Gieß,E11,0157977143
1091,Guiseppe Butte,E11,(06266) 15601
1092,Meinrad Mangold,E11,(06537) 791061
1093,Winfried Beckmann MBA.,E11,(06386) 92027
1094,Hugo Mülichen B.A.,E11,+49 (0) 8446 705457
1095,Klaudia Schönland,E11,+49(0)1016577479
1096,Karl-Hermann Trommler,E11,(00696) 670868
1097,Carl-Heinz Warmer,E11,0371472504
1098,Dr. Hans-Bernd Steckel,E11,00783 507776
1099,Prof. Wera Hövel,E11,+49(0) 833378843
1100,Prof. Hans-Adolf Jähn,E11,+49(0)6900 342854
1101,Tobias Gorlitz-Weinhage,E11,06204 720644
1102,Elizabeth Scheuermann,E11,+49(0)6909 79552
1103,Ing. Jens-Uwe Gute B.Eng.,E11,01556 031663
1104,Prof. Alfons Meister B.A.,E11,09251 652740
1105,Prof. Semra Kusch MBA.,E10,(01870) 524764
1106,Dr. Harro Keudel,E11,06785188332
1107,Ante Gutknecht,E11,0686884001
1108,Traudel Albers-Mülichen,E10,0978595823
1109,Silvia Gröttner,E11,+49(0)7889980588
1110,Philomena Ditschlerin B.A.,E11,+49(0) 343982831
1111,Guenter Weimer,E11,0771294448
1112,Heinz-Joachim Ullrich,E11,(07265) 159842
1113,Clarissa Röhricht B.Eng.,E11,+49(0)7122 82587
1114,Mirja Eimer,E11,04698 996280
1115,Matthäus Becker B.Sc.,E11,+49 (0) 8854 307639
1116,Babette Cichorius,E11,07686863295
1117,Paulina Rosenow,E11,01098 38370
1118,Elwira Köhler,E11,+49(0)0211 675416
1119,Brunhilde Koch II,E11,+49(0)9373 34601
1120,Joseph Finke-Nette,E11,00264273967
1121,Dipl.-Ing. Gundolf Winkler MBA.,E11,06901272509
1122,Prof. Gloria Wirth,E11,(06140) 640232
1123,Prof. Heinz-Wilhelm Löwer,E11,(01232) 598479
1124,Willy Niemeier,E11,07963384421
1125,Yasmin Hövel,E11,+49 (0) 8420 913198
1126,Massimo Hering,E11,+49(0)3939 35551
1127,Frau Annemie Noack,E11,+49 (0) 3044 214408
1128,Fred Scholl,E11,+49(0)1640 17357
1129,Clemens Henck,E11,04196 93544
1130,Dipl.-Ing. Anneke Schuchhardt B.Eng.,E11,0466746748
1131,Ria Eberth,E11,+49 (0) 5676 134358
1132,Kenneth Schüler,E11,(02295) 71194
1133,Irena Reichmann B.A.,E11,+49(0) 221499150
1134,Prof. Anastasios Kusch B.Sc.,E11,+49(0) 114066356
1135,Sigrid Huhn,E11,0941170241
1136,Claudius Albers,E11,+49(0)1115 15282
1137,Dr. Frederik Etzold B.Eng.,E11,0335691451
1138,Eva Winkler,E11,+49(0)2299578129
1139,Dipl.-Ing. Maja Tröst,E10,+49(0)3223 581682
1140,Dipl.-Ing. Augustin Bloch,E11,+49 (0) 2458 373249
1141,Prof. Bogdan Misicher B.Sc.,E11,+49(0)5084217282
1142,Anto Eberhardt,E11,+49(0)2342 686472
1143,Grazyna Trub-Mende,E11,09465540758
1144,Dr. Krzysztof Conradi,E13,(09282) 507780
1145,Ing. Mesut Hentschel B.A.,E11,00363339877
1146,Theodora Heinrich-Gude,E11,0375465089
1147,Brita Bolzmann,E11,05613 34703
1148,Margaret Cichorius,E11,(06535) 515506
1149,Arne Plath,E11,+49 (0) 3362 930696
1150,Adelbert Textor-Ladeck,E11,+49 (0) 6545 372395
1151,Ivonne Jacobi Jäckel,E11,+49(0)0605 84800
1152,Sibel Sontag,E11,+49(0)8732 47612
1153,Siegward Fischer,E11,+49 (0) 1795 139849
1154,Klaus Peter Schleich,E10,+49(0)8441381322
1155,Ing. Jörg-Peter Stumpf B.A.,E11,+49 (0) 5981 771696
1156,Alessandro Beier-Pechel,E11,+49(0)7236 95285
1157,Sandy Aumann MBA.,E11,07599 15207
1158,Andrei Hein,E11,+49(0)8598 556978
1159,Tim Dussen van,E11,+49(0)9198 262901
1160,Hanni Stey,E11,+49(0) 789981241
1161,Stilla Eberhardt,E11,(06319) 37207
1162,Krystyna Rudolph,E11,(03017) 746689
1163,Antoinette Kobelt B.Sc.,E10,(04779) 893849
1164,Erwin Roht,E11,(09355) 08550
1165,Kristina Barth B.Sc.,E11,04917818551
1166,Anette Franke B.A.,E11,04009 47644
1167,Univ.Prof. Ole Kuhl,E11,(00267) 82270
1168,Evelyn Rörricht B.Eng.,E11,+49(0)0841 57952
1169,Hans Jörg Rogge,E11,0735672808
1170,Tilo Heinz,E11,05383 69203
1171,Anna-Maria Neuschäfer B.Sc.,E11,+49(0) 388887605
1172,Anita Ladeck-Weller,E11,06393007009
1173,Univ.Prof. Alf Becker B.Eng.,E11,(05146) 996612
1174,Valeri Bauer,E11,(04386) 60957
1175,Dipl.-Ing. Mercedes Holzapfel MBA.,E11,05525 526803
1176,Dipl.-Ing. Mohammad Bloch B.Sc.,E11,+49(0)9819174283
1177,Karl-Heinrich Dippel B.A.,E11,(00286) 85566
1178,Irmi Hertrampf,E11,0307561258
1179,Hanspeter Stiebitz,E11,(00456) 10929
1180,Hanns Röhricht,E11,(09480) 469585
1181,Ing. Niklas Trub,E11,+49 (0) 4858 298510
1182,Toralf Ullmann-Stumpf,E11,+49(0)5874095174
1183,Jelena Pechel,E11,+49(0)2536 99988
1184,Donata Pölitz,E11,08228 41279
1185,Elias Ehlert,E11,+49(0)3724 75873
1186,Wulf Wagner,E11,00049833968
1187,Rosl Rogner MBA.,E11,+49(0)0959430953
1188,Erik Wende,E11,(04860) 177590
1189,Herr Ruben Margraf,E11,+49(0)7065604210
1190,Prof. Änne Mosemann,E11,07226 042723
1191,Ingmar Stey,E11,+49(0)1440 180623
1192,Hans-Friedrich Reinhardt B.Eng.,E11,(05925) 699152
1193,Hans Georg Pruschke B.A.,E11,07572680557
1194,Renato Junck,E11,+49(0) 400830826
1195,Marleen Döring,E11,+49(0)5211 47284
1196,Adelbert Zirme,E11,(09799) 919360
1197,Mareile Hamann MBA.,E11,+49(0) 293262710
1198,Inna Gerlach B.A.,E11,0182562694
1199,Willi Johann,E11,(08351) 858116
1200,Prof. Annemarie Zimmer B.Eng.,E11,00341 779086
1201,Maja Weller,E11,+49(0)2254958845
1202,Nurten Holzapfel B.A.,E11,(03322) 49040
1203,Sibylla Scholtz B.Sc.,E11,+49(0)0003 408480
1204,Eleonore Junitz,E11,+49(0) 855590288
1205,Herr Frank-Michael Mangold,E11,+49(0)3876594032
1206,Dipl.-Ing. Olena Davids B.Eng.,E11,04858 985160
1207,Ulla Wiek,E11,(09503) 703302
1208,Franca Staude,E11,+49(0) 964836974
1209,Salih Zimmer,E10,(04995) 55947
1210,Christiane Haering,E11,(01778) 635916
1211,Albert Schinke,E11,+49(0) 255081419
1212,Dr. Dino Heidrich B.Eng.,E11,(08390) 01037
1213,Antonina Ernst,E11,06326 86899
1214,Käte Becker,E11,0496351738
1215,Herr Kurt Bachmann,E10,+49(0)4198 993753
1216,Karl-Wilhelm Bonbach B.Eng.,E11,+49(0)7752 26263
1217,Herr Diedrich Lindau B.Sc.,E10,+49(0) 603683959
1218,Lotte Nohlmans,E11,+49(0)7253 535296
1219,Inge Striebitz,E11,+49(0)2968476856
1220,Veronica Sauer,E11,+49(0)2238 51350
1221,Mona Anders,E11,+49(0)9063 25694
1222,Rüdiger Käster,E11,(01788) 281600
1223,Kurt Mosemann,E11,+49 (0) 1750 394238
1224,Sigfried Hamann B.Eng.,E11,04442 667858
1225,Lilly Henck,E11,01738 285384
1226,Dr. Mohammad Mülichen B.Sc.,E11,+49 (0) 7208 640856
1227,Czeslaw Boucsein,E11,01958909813
1228,Steffen Henk,E11,03939818024
1229,Univ.Prof. Franziska Reinhardt B.A.,E11,+49(0)8204707454
1230,Lars Dörschner,E11,08701 653772
1231,Dr. Guido Säuberlich,E11,07510 322871
1232,Marian Schuster,E11,02808 920069
1233,Meinhard Etzold,E11,02210254705
1234,Dorle Ring,E11,+49(0)4388 35649
1235,Oda Mitschke,E11,07342 982997
1236,Yilmaz Haase,E11,(01145) 24596
1237,Adelgunde Pohl B.A.,E11,(07165) 671354
1238,Angelique Pieper MBA.,E11,+49 (0) 7378 122076
1239,Adele Striebitz-Hartung,E11,(02871) 926751
1240,Myriam Wende,E11,(09937) 54226
1241,Theobald Scholz,E11,+49(0)3762 99281
1242,Margrit Thies,E11,+49(0)8123 709003
1243,Klaus-Günter Mans,E11,04153 48904
1244,Uschi Mülichen,E11,+49(0) 588859474
1245,Arno Ernst B.Sc.,E11,(08777) 73240
1246,Hans Jörg Ullrich B.A.,E11,(00726) 63242
1247,Dr. Ottmar Heuser,E11,(02938) 38535
1248,Dr. Abbas Holt B.Eng.,E11,07537 68741
1249,Rita Kramer,E11,(02822) 929871
1250,Jens-Uwe Wagner,E11,+49(0)8663 63876
1251,Zenta Nerger,E11,+49(0)8335 131585
1252,Catharina Schweitzer,E11,06754389337
1253,Kay-Uwe Hettner,E11,+49(0)5818 941577
1254,Elisabeth Bien,E11,+49(0)9468 834219
1255,Prof. Frithjof Klotz B.A.,E11,0157928685
1256,Anica Siering,E10,+49 (0) 5511 327511
1257,Mesut Textor B.Eng.,E11,0789006896
1258,Dina Schleich,E11,+49 (0) 2899 697919
1259,Eva-Maria Seip,E11,01698390866
1260,Lea Hethur,E11,09867472864
1261,Prof. Türkan Gnatz,E11,(01420) 446054
1262,Grit Fiebig-Finke,E11,0394067534
1263,Dipl.-Ing. Jochen Römer,E11,0551352849
1264,Univ.Prof. Edith Hahn B.Eng.,E11,00574445872
1265,Lisette Förster,E11,04837 670344
1266,Ruthild Tintzmann B.Eng.,E11,05446 14378
1267,Sergio Hänel,E11,+49 (0) 7457 730096
1268,Carolina Heinrich,E11,+49(0) 046893608
1269,Hannah Hentschel,E11,0955366083
1270,Branka Flantz,E13,0588578472
1271,Helen Plath,E13,0721932782
1272,Michael Hartung,E11,(09485) 026465
1273,Knut Gerlach,E11,+49 (0) 6523 592428
1274,Fabian Hesse,E11,0805162188
1275,Leonardo Lehmann,E11,+49(0)0115185273
1276,Tülay Schuchhardt B.Sc.,E11,+49(0)0867 804473
1277,Erhardt Spieß,E11,03578 11368
1278,Svea Conradi B.A.,E11,04056062129
1279,Univ.Prof. Aribert Lindner B.Sc.,E10,+49(0)8489 93650
1280,Dorothee Rogge,E11,(00467) 07571
1281,Georg Kruschwitz,E11,08384 722160
1282,Damian Hein,E11,(07977) 14816
1283,Marianna Hethur,E11,+49(0)3417 69816
1284,Eleni Speer-Karge,E11,+49(0) 986513807
1285,Jens-Uwe Kostolzin B.Eng.,E11,+49(0)3492 642028
1286,Sophie Huhn,E11,+49(0)6732 999485
1287,Gretel Junk B.A.,E11,0992379293
1288,Eduard Schmidtke,E11,05862 374181
1289,Sandra Jähn,E11,02437 40551
1290,Susana Gude,E11,(00610) 101210
1291,Loretta Aumann-Winkler,E11,09762 560172
1292,Anny Kitzmann,E11,+49 (0) 6906 052850
1293,Jorge Buchholz-Textor,E11,05674 924781
1294,Hannah Hertrampf,E11,06225041097
1295,Veit Keudel,E11,03122 12033
1296,Dipl.-Ing. Alex Klemm B.Eng.,E11,0629324888
1297,Goran Dörschner,E11,03123 34012
1298,Bayram Speer B.Sc.,E11,07438 39826
1299,Mechthild Bruder-Müller,E11,+49(0)7858 206571
1300,Theo Radisch-Kohl,E11,07650 26109
1301,Sybilla Steinberg-Schüler,E11,0383014455
1302,Carin Börner,E11,(03287) 81617
1303,Mahmut Hövel,E11,+49(0)5600 526930
1304,Dipl.-Ing. Klaus-Jürgen Stoll,E13,0319505453
1305,Dr. Ramona Segebahn,E11,+49(0) 631389893
1306,Frederike Schweitzer,E11,+49(0)6389972891
1307,Heribert Linke,E11,0687903325
1308,Friedhold Killer,E10,+49(0)3551 727260
1309,Klaus Peter Kraushaar B.Sc.,E10,0223355887
1310,Zeki Fritsch,E11,+49(0) 398367681
1311,Univ.Prof. Brian Niemeier B.A.,E10,05860 05805
1312,Anna Täsche,E11,+49(0) 395917578
1313,Katharine Losekann,E11,+49(0)8013 214983
1314,Benita Zirme-Lübs,E11,05297 477173
1315,Leif Eimer,E11,(06433) 041471
1316,Frau Apollonia Süßebier B.Eng.,E11,00973 66310
1317,Albrecht Ruppert,E11,+49(0)5791998530
1318,Mehdi Mielcarek,E11,(03527) 95224
1319,Jacqueline Stahr B.Sc.,E11,+49(0)9375 709396
1320,Sophia Hoffmann,E11,+49(0)6817443190
1321,Gundel Kambs-Junk,E11,(01251) 41323
1322,Heinz-Werner Pechel,E10,0118630356
1323,Dr. Annelie Gerlach B.A.,E11,(08408) 71801
1324,Tadeusz Hofmann,E11,+49(0)5764791392
1325,Hardy Förster,E11,+49(0)8873587954
1326,Dino Losekann,E11,0361582629
1327,Brita Pölitz,E11,02423393437
1328,Ben Bien B.Eng.,E11,(02563) 33239
1329,Tania Gumprich B.Sc.,E10,+49 (0) 1440 283685
1330,Univ.Prof. Ferenc Nerger B.Sc.,E11,02349 250306
1331,Dipl.-Ing. Cornelia Krause MBA.,E11,05362254661
1332,Dipl.-Ing. Dorle Pechel B.A.,E11,+49(0)3153 56414
1333,Ing. Niko Kitzmann B.A.,E11,0474898322
1334,Dipl.-Ing. Guiseppe Hecker,E10,09743 45520
1335,Ing. Bruni Ehlert,E11,+49(0)7717657621
1336,Czeslaw Bolnbach,E10,(06000) 11590
1337,Christof Junck,E11,07820 68965
1338,Prof. Sieglinde Etzler B.A.,E11,04614 50286
1339,Oscar Krause,E11,(02259) 01533
1340,Karlheinz Säuberlich,E11,0746593162
1341,Henny Beer-Vollbrecht,E11,01606454327
1342,Rosl Birnbaum,E11,+49(0) 222953416
1343,Anne Sölzer MBA.,E11,(05051) 00402
1344,Dimitrios Briemer,E11,+49(0)0960 694403
1345,Dr. Sebastiano Hettner,E11,+49(0)3482519620
1346,Marie-Louise Wilms,E11,+49(0) 686558342
1347,Alexandra Gröttner,E11,09798 474635
1348,Nadeshda Carsten-Geißler,E11,+49(0) 040187990
1349,Dr. Halina Hendriks B.A.,E11,+49(0)9073 93005
1350,Monja Jopich,E10,(06723) 681370
1351,Annegrete Neuschäfer,E11,+49 (0) 2692 971218
1352,Berta Pergande MBA.,E11,00227 530762
1353,Olav Schmiedt-Jessel,E11,+49(0)6558672908
1354,Marie-Luise Walter,E11,05847 594836
1355,Natascha Linke B.Eng.,E11,+49(0)0547 59717
1356,Herr Gottlob Seifert B.A.,E11,03674 07963
1357,Herr Ortwin Bolander,E11,(04993) 260692
1358,Franziska Müller B.Eng.,E11,02590 328943
1359,Theobald Speer,E11,(05089) 169005
1360,Sandor Blümel,E11,(04112) 663109
1361,Dörthe Hering,E11,0768573766
1362,Ferenc Müller,E11,03436306791
1363,Urte Gotthard,E11,+49(0) 556464983
1364,Dr. Eugenie Gute B.Eng.,E11,(04794) 85110
1365,Angelica Bohlander,E11,+49 (0) 4668 881102
1366,Gundel Scholtz,E11,01830 574019
1367,Berend Schuster,E13,+49(0)3822 569926
1368,Karlheinz Koch MBA.,E10,0793306233
1369,Cilly Oestrovsky-Hölzenbecher,E11,04903 230508
1370,Anika Winkler,E10,(03413) 333454
1371,Rotraud Niemeier B.Sc.,E10,+49(0)0818 720891
1372,Herrmann Kroker,E10,(08973) 359123
1373,Univ.Prof. Oswin Boucsein,E11,+49 (0) 5020 900167
1374,Univ.Prof. Wendelin Fröhlich B.A.,E11,+49 (0) 8383 303902
1375,Sarina Reichmann-Conradi,E11,0885089784
1376,Aline Klemt,E11,+49 (0) 1390 610204
1377,Marian Bauer,E11,+49(0)5637931812
1378,Raymond Naser-Rose,E11,+49(0)9810 217738
1379,Dr. Alfonso Schäfer,E11,00420619289
1380,Elfi Zorbach,E11,+49(0) 475091286
1381,Univ.Prof. Beate Freudenberger,E11,(03071) 857857
1382,Evangelia Weller B.A.,E11,+49(0)7401 507126
1383,Catherine Tröst,E11,+49 (0) 1249 747240
1384,Franziska Kranz,E11,03787 67396
1385,Dipl.-Ing. Christian Gieß B.Sc.,E11,01704 70566
1386,Dipl.-Ing. Heiko Heser,E11,06335 555045
1387,Pedro Textor,E11,+49 (0) 6568 860071
1388,Gönül Trüb,E11,+49(0) 669798933
1389,Urte Scholl,E11,+49(0)5047 77273
1390,Mirja Meyer,E11,(04914) 419699
1391,Hans Dehmel,E10,+49(0)9691 140388
1392,Heiderose Junken,E11,01965 19927
1393,Thies Bender B.Sc.,E11,+49 (0) 6967 670869
1394,Heidelore Baum,E11,0377011565
1395,Dr. Gerfried Kramer,E11,+49 (0) 7391 678865
1396,Karsten Peukert B.Eng.,E11,(09600) 803475
1397,Evi Scholtz,E11,(05992) 127490
1398,Volker Davids-Heidrich,E11,+49(0)7532 25790
1399,Linus Säuberlich,E11,+49(0) 872786796
1400,Gunar Trub,E10,03162 155101
1401,Konrad Hellwig,E11,04349 980774
1402,Lena Geisler-Lachmann,E11,04704 31219
1403,Ricarda Heinrich,E11,(09990) 29569
1404,Ingrid Fritsch,E11,+49(0)3262 432405
1405,Corinne Drub,E11,(04563) 369534
1406,Erol Junitz,E11,+49(0)7399 33117
1407,Kornelius Junken,E11,+49(0)9014 294684
1408,Ralf-Peter Hoffmann,E11,+49(0) 259772186
1409,Johanne Rörricht,E11,00737 54283
1410,Ottokar Kallert,E11,03018252585
1411,Felizitas Lorch,E11,+49(0)7151 59049
1412,Dipl.-Ing. Jadwiga Baum,E11,+49 (0) 7087 260073
1413,Claus-Dieter Schmiedecke-Bolnbach,E11,04490464686
1414,Mariana Lorch,E11,+49(0)5035860782
1415,Frau Mariechen Grein Groth,E11,(05581) 984226
1416,Hagen Heuser,E10,09602609536
1417,Friedericke Dowerg,E11,+49(0)4846 521395
1418,Dipl.-Ing. Bernt Bolzmann,E11,+49 (0) 9494 552114
1419,Ing. Horst-Peter Döhn B.A.,E11,+49(0)3525 99854
1420,Sybilla Mude,E11,(09683) 045820
1421,Viktor Freudenberger MBA.,E11,+49(0) 068525554
1422,Beatrice Rädel B.Eng.,E11,05819 995656
1423,Magnus Kobelt,E11,+49(0) 493007974
1424,Eckart Gertz-Kallert,E11,(05984) 83686
1425,Dominic Hethur,E11,09192 025853
1426,Ines Koch II,E11,06948 58235
1427,Friedemann Jacob,E11,(04501) 16459
1428,Agathe Walter,E11,+49(0)8466 486617
1429,Dr. Roger Christoph B.Eng.,E11,+49(0) 699724675
1430,Kay-Uwe Sager,E11,04285 068997
1431,Caroline Zobel,E10,01420 50528
1432,Hanny Textor,E11,+49 (0) 0470 531679
1433,Univ.Prof. Jost Kreusel B.Eng.,E11,0023963026
1434,Dipl.-Ing. Jacek Baum,E11,(00338) 859829
1435,Anneliese Hoffmann,E11,04885 284561
1436,Ing. Heide Caspar B.Sc.,E11,+49(0) 834999043
1437,Aysel Schacht,E10,04616 40488
1438,Gerwin Rörricht,E11,+49 (0) 1609 575980
1439,Hajo Anders,E11,01983122215
1440,Prof. Ansgar Gunpf,E11,0025856617
1441,Gina Scheibe,E11,+49(0)5895 88682
1442,Dr. Hartmuth Kitzmann,E11,+49(0) 287256532
1443,Erika Pölitz B.A.,E11,02527 67595
1444,Univ.Prof. Rupert Schmiedt,E11,+49(0) 537423099
1445,Ing. Berndt Heinz,E10,+49(0)8874 19947
1446,Fridolin Kallert B.Sc.,E11,+49(0) 982067509
1447,Herma Barth,E11,(06112) 574626
1448,Ing. Otfried Jäntsch B.Eng.,E11,+49(0)6653 40402
1449,Ing. Diethard Jäkel B.Eng.,E10,(09410) 668149
1450,Bertold Ortmann,E11,(00845) 040025
1451,Anatol Gunpf,E11,+49(0)9661782476
1452,Prof. Adolfine Bähr,E11,0778320272
1453,Mariechen Benthin B.Sc.,E10,(08808) 54180
1454,Magdalena Berger,E11,+49 (0) 5724 992222
1455,Jochem Boucsein-Hauffer,E11,00134990217
1456,Elisabeth Naser,E11,+49(0)0742 154302
1457,Dr. Linda Lindner MBA.,E11,(06913) 03097
1458,Dipl.-Ing. Petros Salz B.Sc.,E11,(00644) 133926
1459,Adam Rohleder,E11,0892255125
1460,Reinhold Jacob-Thies,E11,08489 697678
1461,Urban Schaaf,E11,(06129) 736608
1462,Milka Rörricht B.Sc.,E11,+49 (0) 7018 593455
1463,Valentin Ernst,E11,+49(0)7061 10021
1464,Prof. Wilhelmine Mälzer MBA.,E11,01188195858
1465,Oliver Pieper,E11,(01351) 292049
1466,Herr Adalbert Atzler B.Sc.,E11,+49(0) 585075222
1467,Rena Mende,E11,+49(0)9412 96248
1468,Dr. Cosima Ditschlerin,E10,00050625929
1469,Felicia Staude,E11,+49(0)8728 92468
1470,Marjan Beyer-Hiller,E10,+49(0)1340205206
1471,Hans Josef Gumprich-Rosemann,E11,+49(0)3793609299
1472,Dipl.-Ing. Nicolaus Dörr,E11,(08996) 25376
1473,Cora Dobes B.Eng.,E11,00923 13351
1474,Polina Bohnbach,E11,(09220) 610924
1475,Aldo Zorbach,E10,+49 (0) 5871 883570
1476,Philip Stiffel,E11,(03988) 106178
1477,Klaus-Peter Weitzel,E10,06820631583
1478,Oxana Wesack MBA.,E11,05279 834753
1479,Leokadia Roskoth,E11,+49(0) 373453002
1480,Corina Bohnbach,E11,0433721367
1481,Univ.Prof. Zeljko Jopich,E11,+49(0)2524 10513
1482,Filiz Eimer B.Eng.,E11,+49(0)0902098675
1483,Tomas Holt,E11,+49(0)7237 474433
1484,Fabian Mans,E10,(02964) 58024
1485,Caterina Heinz,E11,(00782) 429688
1486,Jost Haase,E11,(08326) 042844
1487,Univ.Prof. Vassilios Junitz,E11,+49(0)2012841143
1488,Siegbert Ullmann,E11,04839 803893
1489,Maren Kreusel,E10,+49(0)3955 286794
1490,Rafael Conradi,E11,+49 (0) 9888 948684
1491,Roman Bachmann,E11,+49(0)4760 593840
1492,Nermin Geißler-Trüb,E10,+49(0)7445 05882
1493,Gerdi Butte,E11,(07102) 36534
1494,Herr Aldo Kraushaar B.Eng.,E11,+49 (0) 5814 385813
1495,Volkmar Stahr,E11,+49(0)9097439582
1496,Traugott Haase,E11,(05386) 644284
1497,Resi Steckel,E11,+49 (0) 1917 774886
1498,Univ.Prof. Hans-Hinrich Lindner,E11,+49(0)2133 736170
1499,Christiana Noack-Gertz,E11,+49(0)5137 632349
1500,Henri Allgöwer,E10,01765 123456
